-- phpMyAdmin SQL Dump
-- version 4.9.0.1
-- https://www.phpmyadmin.net/
--
-- Hôte : sql107.infinityfree.com
-- Généré le :  sam. 07 fév. 2026 à 09:34
-- Version du serveur :  11.4.9-MariaDB
-- Version de PHP :  7.2.22

SET SQL_MODE = "NO_AUTO_VALUE_ON_ZERO";
SET AUTOCOMMIT = 0;
START TRANSACTION;
SET time_zone = "+00:00";


/*!40101 SET @OLD_CHARACTER_SET_CLIENT=@@CHARACTER_SET_CLIENT */;
/*!40101 SET @OLD_CHARACTER_SET_RESULTS=@@CHARACTER_SET_RESULTS */;
/*!40101 SET @OLD_COLLATION_CONNECTION=@@COLLATION_CONNECTION */;
/*!40101 SET NAMES utf8mb4 */;

--
-- Base de données :  `if0_40680976_suivi_depenses`
--

-- --------------------------------------------------------

--
-- Structure de la table `categories`
--

CREATE TABLE `categories` (
  `id_category` int(11) NOT NULL,
  `id_type` int(11) DEFAULT NULL,
  `name` varchar(100) NOT NULL,
  `description` varchar(255) DEFAULT NULL,
  `created_at` timestamp NOT NULL DEFAULT current_timestamp(),
  `manual_budget` decimal(10,2) DEFAULT NULL
) ENGINE=InnoDB DEFAULT CHARSET=utf8mb4 COLLATE=utf8mb4_general_ci;

--
-- Déchargement des données de la table `categories`
--

INSERT INTO `categories` (`id_category`, `id_type`, `name`, `description`, `created_at`, `manual_budget`) VALUES
(1, 1, 'Charge fixe', NULL, '2025-07-19 11:11:33', NULL),
(2, 2, 'Revenus', NULL, '2025-07-19 11:11:33', NULL),
(3, 1, 'Nourritures', NULL, '2025-07-19 11:11:33', NULL),
(4, 1, 'Perso', NULL, '2025-07-19 11:11:33', NULL),
(5, 1, 'Famille SN', NULL, '2025-07-19 11:11:33', NULL),
(6, 1, 'Crédit', NULL, '2025-07-19 11:11:33', NULL),
(7, 1, 'Imprévus', NULL, '2025-07-19 11:11:33', NULL),
(8, 1, 'Ma femme', NULL, '2025-07-19 11:11:33', NULL),
(9, 1, 'Impôts', NULL, '2025-07-19 11:11:33', NULL),
(10, 1, 'Construction', NULL, '2025-07-19 11:11:33', NULL),
(11, 3, 'Natixis', NULL, '2025-08-20 19:06:51', NULL),
(12, 1, 'Ecart', NULL, '2025-11-11 07:20:45', NULL),
(13, 3, 'Objectif', NULL, '2025-12-26 05:36:29', NULL);

-- --------------------------------------------------------

--
-- Structure de la table `category_budgets`
--

CREATE TABLE `category_budgets` (
  `id` bigint(20) UNSIGNED NOT NULL,
  `user_id` int(11) NOT NULL,
  `category_id` int(11) NOT NULL,
  `subcategory_id` int(11) DEFAULT NULL,
  `year` smallint(6) NOT NULL,
  `month` smallint(6) NOT NULL,
  `amount` decimal(10,2) NOT NULL,
  `created_at` timestamp NOT NULL DEFAULT current_timestamp(),
  `updated_at` timestamp NOT NULL DEFAULT current_timestamp()
) ENGINE=InnoDB DEFAULT CHARSET=utf8mb4 COLLATE=utf8mb4_general_ci;

--
-- Déchargement des données de la table `category_budgets`
--

INSERT INTO `category_budgets` (`id`, `user_id`, `category_id`, `subcategory_id`, `year`, `month`, `amount`, `created_at`, `updated_at`) VALUES
(772, 7, 1, 1, 2024, 1, '550.00', '2025-08-23 13:19:39', '2025-08-23 13:19:39'),
(773, 7, 1, 1, 2024, 2, '550.00', '2025-08-23 13:19:39', '2025-08-23 13:19:39'),
(774, 7, 1, 1, 2024, 3, '550.00', '2025-08-23 13:19:39', '2025-08-23 13:19:39'),
(775, 7, 1, 1, 2024, 4, '550.00', '2025-08-23 13:19:39', '2025-08-23 13:19:39'),
(776, 7, 1, 1, 2024, 5, '550.00', '2025-08-23 13:19:39', '2025-08-23 13:19:39'),
(777, 7, 1, 1, 2024, 6, '550.00', '2025-08-23 13:19:39', '2025-08-23 13:19:39'),
(778, 7, 1, 1, 2024, 7, '550.00', '2025-08-23 13:19:39', '2025-08-23 13:19:39'),
(779, 7, 1, 1, 2024, 8, '550.00', '2025-08-23 13:19:39', '2025-08-23 13:19:39'),
(780, 7, 1, 1, 2024, 9, '550.00', '2025-08-23 13:19:39', '2025-08-23 13:19:39'),
(781, 7, 1, 1, 2024, 10, '550.00', '2025-08-23 13:19:39', '2025-08-23 13:19:39'),
(782, 7, 1, 1, 2024, 11, '648.00', '2025-08-23 13:19:39', '2025-08-23 13:19:39'),
(783, 7, 1, 1, 2024, 12, '560.00', '2025-08-23 13:19:39', '2025-08-23 13:19:39'),
(784, 7, 1, 1, 2025, 1, '550.00', '2025-08-23 13:19:39', '2025-08-23 13:19:39'),
(785, 7, 1, 1, 2025, 2, '550.00', '2025-08-23 13:19:39', '2025-08-23 13:19:39'),
(786, 7, 1, 1, 2025, 3, '550.00', '2025-08-23 13:19:39', '2025-08-23 13:19:39'),
(787, 7, 1, 1, 2025, 4, '550.00', '2025-08-23 13:19:39', '2025-08-23 13:19:39'),
(788, 7, 1, 1, 2025, 5, '550.00', '2025-08-23 13:19:39', '2025-08-23 13:19:39'),
(789, 7, 1, 1, 2025, 6, '550.00', '2025-08-23 13:19:39', '2025-08-23 13:19:39'),
(790, 7, 1, 1, 2025, 7, '550.00', '2025-08-23 13:19:39', '2025-08-23 13:19:39'),
(791, 7, 1, 1, 2025, 8, '550.00', '2025-08-23 13:19:39', '2025-08-23 13:19:39'),
(792, 7, 1, 1, 2025, 9, '550.00', '2025-08-23 13:19:39', '2025-08-23 13:19:39'),
(793, 7, 1, 1, 2025, 10, '550.00', '2025-08-23 13:19:39', '2025-08-23 13:19:39'),
(794, 7, 1, 1, 2025, 11, '550.00', '2025-08-23 13:19:39', '2025-08-23 13:19:39'),
(795, 7, 1, 1, 2025, 12, '550.00', '2025-08-23 13:19:39', '2025-08-23 13:19:39'),
(796, 7, 1, 3, 0, 5, '26.80', '2025-08-23 13:19:39', '2025-08-23 13:19:39'),
(797, 7, 1, 3, 1, 5, '26.80', '2025-08-23 13:19:39', '2025-08-23 13:19:39'),
(798, 7, 1, 3, 2, 5, '26.80', '2025-08-23 13:19:39', '2025-08-23 13:19:39'),
(799, 7, 1, 3, 2024, 1, '59.79', '2025-08-23 13:19:39', '2025-08-23 13:19:39'),
(800, 7, 1, 3, 2024, 2, '59.79', '2025-08-23 13:19:39', '2025-08-23 13:19:39'),
(801, 7, 1, 3, 2024, 3, '59.79', '2025-08-23 13:19:39', '2025-08-23 13:19:39'),
(802, 7, 1, 3, 2024, 4, '59.79', '2025-08-23 13:19:39', '2025-08-23 13:19:39'),
(803, 7, 1, 3, 2024, 5, '29.08', '2025-08-23 13:19:39', '2025-08-23 13:19:39'),
(804, 7, 1, 3, 2024, 6, '30.16', '2025-08-23 13:19:39', '2025-08-23 13:19:39'),
(805, 7, 1, 3, 2024, 7, '30.16', '2025-08-23 13:19:39', '2025-08-23 13:19:39'),
(806, 7, 1, 3, 2024, 8, '30.16', '2025-08-23 13:19:39', '2025-08-23 13:19:39'),
(807, 7, 1, 3, 2024, 9, '30.16', '2025-08-23 13:19:39', '2025-08-23 13:19:39'),
(808, 7, 1, 3, 2024, 10, '30.16', '2025-08-23 13:19:39', '2025-08-23 13:19:39'),
(809, 7, 1, 3, 2024, 11, '30.16', '2025-08-23 13:19:39', '2025-08-23 13:19:39'),
(810, 7, 1, 3, 2024, 12, '30.16', '2025-08-23 13:19:39', '2025-08-23 13:19:39'),
(811, 7, 1, 3, 2025, 1, '30.16', '2025-08-23 13:19:39', '2025-08-23 13:19:39'),
(812, 7, 1, 3, 2025, 2, '30.16', '2025-08-23 13:19:39', '2025-08-23 13:19:39'),
(813, 7, 1, 3, 2025, 3, '30.16', '2025-08-23 13:19:39', '2025-08-23 13:19:39'),
(814, 7, 1, 3, 2025, 4, '30.16', '2025-08-23 13:19:39', '2025-08-23 13:19:39'),
(815, 7, 1, 3, 2025, 5, '30.16', '2025-08-23 13:19:39', '2025-08-23 13:19:39'),
(816, 7, 1, 3, 2025, 6, '30.16', '2025-08-23 13:19:39', '2025-08-23 13:19:39'),
(817, 7, 1, 3, 2025, 7, '26.80', '2025-08-23 13:19:39', '2025-08-23 13:19:39'),
(818, 7, 1, 3, 2025, 8, '26.80', '2025-08-23 13:19:39', '2025-08-23 13:19:39'),
(819, 7, 1, 3, 2025, 9, '30.16', '2025-08-23 13:19:39', '2025-08-23 13:19:39'),
(820, 7, 1, 4, 2024, 1, '17.25', '2025-08-23 13:19:39', '2025-08-23 13:19:39'),
(821, 7, 1, 4, 2024, 2, '17.25', '2025-08-23 13:19:39', '2025-08-23 13:19:39'),
(822, 7, 1, 4, 2024, 3, '17.25', '2025-08-23 13:19:39', '2025-08-23 13:19:39'),
(823, 7, 1, 4, 2024, 4, '17.25', '2025-08-23 13:19:39', '2025-08-23 13:19:39'),
(824, 7, 1, 4, 2024, 5, '17.25', '2025-08-23 13:19:39', '2025-08-23 13:19:39'),
(825, 7, 1, 4, 2024, 6, '17.25', '2025-08-23 13:19:39', '2025-08-23 13:19:39'),
(826, 7, 1, 4, 2024, 7, '17.25', '2025-08-23 13:19:39', '2025-08-23 13:19:39'),
(827, 7, 1, 4, 2024, 9, '17.25', '2025-08-23 13:19:39', '2025-08-23 13:19:39'),
(828, 7, 1, 4, 2024, 10, '17.25', '2025-08-23 13:19:39', '2025-08-23 13:19:39'),
(829, 7, 1, 4, 2024, 11, '17.25', '2025-08-23 13:19:39', '2025-08-23 13:19:39'),
(830, 7, 1, 4, 2024, 12, '17.25', '2025-08-23 13:19:39', '2025-08-23 13:19:39'),
(831, 7, 1, 4, 2025, 1, '17.25', '2025-08-23 13:19:39', '2025-08-23 13:19:39'),
(832, 7, 1, 4, 2025, 2, '17.25', '2025-08-23 13:19:39', '2025-08-23 13:19:39'),
(833, 7, 1, 4, 2025, 3, '17.25', '2025-08-23 13:19:39', '2025-08-23 13:19:39'),
(834, 7, 1, 4, 2025, 4, '17.25', '2025-08-23 13:19:39', '2025-08-23 13:19:39'),
(835, 7, 1, 4, 2025, 5, '17.25', '2025-08-23 13:19:39', '2025-08-23 13:19:39'),
(836, 7, 1, 4, 2025, 6, '17.25', '2025-08-23 13:19:39', '2025-08-23 13:19:39'),
(837, 7, 1, 4, 2025, 7, '17.25', '2025-08-23 13:19:39', '2025-08-23 13:19:39'),
(838, 7, 1, 4, 2025, 8, '17.25', '2025-08-23 13:19:39', '2025-08-23 13:19:39'),
(839, 7, 1, 4, 2025, 9, '17.25', '2025-08-23 13:19:39', '2025-08-23 13:19:39'),
(840, 7, 1, 4, 2025, 10, '17.25', '2025-08-23 13:19:39', '2025-08-23 13:19:39'),
(841, 7, 1, 4, 2025, 11, '17.25', '2025-08-23 13:19:39', '2025-08-23 13:19:39'),
(842, 7, 1, 4, 2025, 12, '17.25', '2025-08-23 13:19:39', '2025-08-23 13:19:39'),
(843, 7, 1, 5, 2024, 1, '34.99', '2025-08-23 13:19:39', '2025-08-23 13:19:39'),
(844, 7, 1, 5, 2024, 2, '34.99', '2025-08-23 13:19:39', '2025-08-23 13:19:39'),
(845, 7, 1, 5, 2024, 3, '34.99', '2025-08-23 13:19:39', '2025-08-23 13:19:39'),
(846, 7, 1, 5, 2024, 4, '34.99', '2025-08-23 13:19:39', '2025-08-23 13:19:39'),
(847, 7, 1, 5, 2024, 5, '34.99', '2025-08-23 13:19:39', '2025-08-23 13:19:39'),
(848, 7, 1, 5, 2024, 6, '34.99', '2025-08-23 13:19:39', '2025-08-23 13:19:39'),
(849, 7, 1, 5, 2024, 7, '34.99', '2025-08-23 13:19:39', '2025-08-23 13:19:39'),
(850, 7, 1, 5, 2024, 8, '34.99', '2025-08-23 13:19:39', '2025-08-23 13:19:39'),
(851, 7, 1, 5, 2024, 9, '34.99', '2025-08-23 13:19:39', '2025-08-23 13:19:39'),
(852, 7, 1, 5, 2024, 10, '34.99', '2025-08-23 13:19:39', '2025-08-23 13:19:39'),
(853, 7, 1, 5, 2024, 11, '49.00', '2025-08-23 13:19:39', '2025-08-23 13:19:39'),
(854, 7, 1, 5, 2025, 1, '15.99', '2025-08-23 13:19:39', '2025-08-23 13:19:39'),
(855, 7, 1, 5, 2025, 2, '15.99', '2025-08-23 13:19:39', '2025-08-23 13:19:39'),
(856, 7, 1, 5, 2025, 3, '15.99', '2025-08-23 13:19:39', '2025-08-23 13:19:39'),
(857, 7, 1, 5, 2025, 4, '15.99', '2025-08-23 13:19:39', '2025-08-23 13:19:39'),
(858, 7, 1, 5, 2025, 5, '15.99', '2025-08-23 13:19:39', '2025-08-23 13:19:39'),
(859, 7, 1, 5, 2025, 6, '15.99', '2025-08-23 13:19:39', '2025-08-23 13:19:39'),
(860, 7, 1, 5, 2025, 7, '15.99', '2025-08-23 13:19:39', '2025-08-23 13:19:39'),
(861, 7, 1, 5, 2025, 8, '15.99', '2025-08-23 13:19:39', '2025-08-23 13:19:39'),
(862, 7, 1, 5, 2025, 9, '15.99', '2025-08-23 13:19:39', '2025-08-23 13:19:39'),
(863, 7, 1, 5, 2025, 10, '15.99', '2025-08-23 13:19:39', '2025-08-23 13:19:39'),
(864, 7, 1, 5, 2025, 11, '15.99', '2025-08-23 13:19:39', '2025-08-23 13:19:39'),
(865, 7, 1, 5, 2025, 12, '15.99', '2025-08-23 13:19:39', '2025-08-23 13:19:39'),
(866, 7, 1, 6, 2024, 1, '12.99', '2025-08-23 13:19:39', '2025-08-23 13:19:39'),
(867, 7, 1, 6, 2024, 2, '12.99', '2025-08-23 13:19:39', '2025-08-23 13:19:39'),
(868, 7, 1, 6, 2024, 3, '12.99', '2025-08-23 13:19:39', '2025-08-23 13:19:39'),
(869, 7, 1, 6, 2024, 4, '12.99', '2025-08-23 13:19:39', '2025-08-23 13:19:39'),
(870, 7, 1, 6, 2024, 5, '12.99', '2025-08-23 13:19:39', '2025-08-23 13:19:39'),
(871, 7, 1, 6, 2024, 6, '12.99', '2025-08-23 13:19:39', '2025-08-23 13:19:39'),
(872, 7, 1, 6, 2024, 7, '12.99', '2025-08-23 13:19:39', '2025-08-23 13:19:39'),
(873, 7, 1, 6, 2024, 9, '15.99', '2025-08-23 13:19:39', '2025-08-23 13:19:39'),
(874, 7, 1, 6, 2024, 10, '15.99', '2025-08-23 13:19:39', '2025-08-23 13:19:39'),
(875, 7, 1, 6, 2024, 11, '15.99', '2025-08-23 13:19:39', '2025-08-23 13:19:39'),
(876, 7, 1, 6, 2024, 12, '15.99', '2025-08-23 13:19:39', '2025-08-23 13:19:39'),
(877, 7, 1, 9, 2024, 1, '48.35', '2025-08-23 13:19:39', '2025-08-23 13:19:39'),
(878, 7, 1, 9, 2024, 2, '35.85', '2025-08-23 13:19:39', '2025-08-23 13:19:39'),
(879, 7, 1, 9, 2024, 3, '35.85', '2025-08-23 13:19:39', '2025-08-23 13:19:39'),
(880, 7, 1, 9, 2024, 4, '35.85', '2025-08-23 13:19:39', '2025-08-23 13:19:39'),
(881, 7, 1, 9, 2024, 5, '35.85', '2025-08-23 13:19:39', '2025-08-23 13:19:39'),
(882, 7, 1, 9, 2024, 6, '35.85', '2025-08-23 13:19:39', '2025-08-23 13:19:39'),
(883, 7, 1, 9, 2024, 7, '35.85', '2025-08-23 13:19:39', '2025-08-23 13:19:39'),
(884, 7, 1, 9, 2024, 8, '35.85', '2025-08-23 13:19:39', '2025-08-23 13:19:39'),
(885, 7, 1, 9, 2024, 9, '35.85', '2025-08-23 13:19:39', '2025-08-23 13:19:39'),
(886, 7, 1, 9, 2024, 10, '35.85', '2025-08-23 13:19:39', '2025-08-23 13:19:39'),
(887, 7, 1, 9, 2024, 11, '35.85', '2025-08-23 13:19:39', '2025-08-23 13:19:39'),
(888, 7, 1, 9, 2024, 12, '35.85', '2025-08-23 13:19:39', '2025-08-23 13:19:39'),
(889, 7, 1, 9, 2025, 1, '35.85', '2025-08-23 13:19:39', '2025-08-23 13:19:39'),
(890, 7, 1, 9, 2025, 2, '35.85', '2025-08-23 13:19:39', '2025-08-23 13:19:39'),
(891, 7, 1, 9, 2025, 3, '35.85', '2025-08-23 13:19:39', '2025-08-23 13:19:39'),
(892, 7, 1, 9, 2025, 4, '35.85', '2025-08-23 13:19:39', '2025-08-23 13:19:39'),
(893, 7, 1, 9, 2025, 5, '35.85', '2025-08-23 13:19:39', '2025-08-23 13:19:39'),
(894, 7, 1, 9, 2025, 6, '35.85', '2025-08-23 13:19:39', '2025-08-23 13:19:39'),
(895, 7, 1, 9, 2025, 7, '35.85', '2025-08-23 13:19:39', '2025-08-23 13:19:39'),
(896, 7, 1, 9, 2025, 8, '35.85', '2025-08-23 13:19:39', '2025-08-23 13:19:39'),
(897, 7, 1, 9, 2025, 9, '35.85', '2025-08-23 13:19:39', '2025-08-23 13:19:39'),
(898, 7, 1, 9, 2025, 10, '35.85', '2025-08-23 13:19:39', '2025-08-23 13:19:39'),
(899, 7, 1, 9, 2025, 11, '35.85', '2025-08-23 13:19:39', '2025-08-23 13:19:39'),
(900, 7, 1, 9, 2025, 12, '35.85', '2025-08-23 13:19:39', '2025-08-23 13:19:39'),
(901, 7, 1, 13, 2024, 1, '6.45', '2025-08-23 13:19:39', '2025-08-23 13:19:39'),
(902, 7, 1, 13, 2024, 2, '6.45', '2025-08-23 13:19:39', '2025-08-23 13:19:39'),
(903, 7, 1, 13, 2024, 3, '6.45', '2025-08-23 13:19:39', '2025-08-23 13:19:39'),
(904, 7, 1, 13, 2024, 4, '6.45', '2025-08-23 13:19:39', '2025-08-23 13:19:39'),
(905, 7, 1, 13, 2024, 5, '6.45', '2025-08-23 13:19:39', '2025-08-23 13:19:39'),
(906, 7, 1, 13, 2024, 6, '6.45', '2025-08-23 13:19:39', '2025-08-23 13:19:39'),
(907, 7, 1, 13, 2024, 7, '6.45', '2025-08-23 13:19:39', '2025-08-23 13:19:39'),
(908, 7, 1, 13, 2024, 8, '6.45', '2025-08-23 13:19:39', '2025-08-23 13:19:39'),
(909, 7, 1, 13, 2024, 9, '6.45', '2025-08-23 13:19:39', '2025-08-23 13:19:39'),
(910, 7, 1, 13, 2024, 10, '8.25', '2025-08-23 13:19:39', '2025-08-23 13:19:39'),
(911, 7, 1, 13, 2024, 11, '8.25', '2025-08-23 13:19:39', '2025-08-23 13:19:39'),
(912, 7, 1, 13, 2024, 12, '8.25', '2025-08-23 13:19:39', '2025-08-23 13:19:39'),
(913, 7, 1, 13, 2025, 1, '8.25', '2025-08-23 13:19:39', '2025-08-23 13:19:39'),
(914, 7, 1, 13, 2025, 2, '8.25', '2025-08-23 13:19:39', '2025-08-23 13:19:39'),
(915, 7, 1, 13, 2025, 3, '8.25', '2025-08-23 13:19:39', '2025-08-23 13:19:39'),
(916, 7, 1, 13, 2025, 4, '8.25', '2025-08-23 13:19:39', '2025-08-23 13:19:39'),
(917, 7, 1, 13, 2025, 5, '8.25', '2025-08-23 13:19:39', '2025-08-23 13:19:39'),
(918, 7, 1, 13, 2025, 6, '67.89', '2025-08-23 13:19:39', '2025-08-23 13:19:39'),
(919, 7, 1, 13, 2025, 7, '8.25', '2025-08-23 13:19:39', '2025-08-23 13:19:39'),
(920, 7, 1, 13, 2025, 8, '8.25', '2025-08-23 13:19:39', '2025-08-23 13:19:39'),
(921, 7, 1, 13, 2025, 9, '8.25', '2025-08-23 13:19:39', '2025-08-23 13:19:39'),
(922, 7, 1, 13, 2025, 10, '8.25', '2025-08-23 13:19:39', '2025-08-23 13:19:39'),
(923, 7, 1, 13, 2025, 11, '8.25', '2025-08-23 13:19:39', '2025-08-23 13:19:39'),
(924, 7, 1, 13, 2025, 12, '8.25', '2025-08-23 13:19:39', '2025-08-23 13:19:39'),
(925, 7, 1, 15, 2024, 2, '3.49', '2025-08-23 13:19:39', '2025-08-23 13:19:39'),
(926, 7, 1, 15, 2024, 3, '3.49', '2025-08-23 13:19:39', '2025-08-23 13:19:39'),
(927, 7, 1, 15, 2024, 4, '3.49', '2025-08-23 13:19:39', '2025-08-23 13:19:39'),
(928, 7, 1, 15, 2024, 5, '3.49', '2025-08-23 13:19:39', '2025-08-23 13:19:39'),
(929, 7, 1, 15, 2024, 6, '3.49', '2025-08-23 13:19:39', '2025-08-23 13:19:39'),
(930, 7, 1, 15, 2025, 5, '13.49', '2025-08-23 13:19:39', '2025-08-23 13:19:39'),
(931, 7, 1, 15, 2025, 6, '7.99', '2025-08-23 13:19:39', '2025-08-23 13:19:39'),
(932, 7, 1, 23, 2024, 6, '36.23', '2025-08-23 13:19:39', '2025-08-23 13:19:39'),
(933, 7, 1, 23, 2024, 8, '17.25', '2025-08-23 13:19:39', '2025-08-23 13:19:39'),
(934, 7, 1, 23, 2024, 9, '46.24', '2025-08-23 13:19:39', '2025-08-23 13:19:39'),
(935, 7, 1, 23, 2024, 10, '32.91', '2025-08-23 13:19:39', '2025-08-23 13:19:39'),
(936, 7, 1, 23, 2024, 11, '32.99', '2025-08-23 13:19:39', '2025-08-23 13:19:39'),
(937, 7, 1, 23, 2025, 4, '49.27', '2025-08-23 13:19:39', '2025-08-23 13:19:39'),
(938, 7, 2, 2, 0, 5, '2350.45', '2025-08-23 13:19:39', '2025-08-23 13:19:39'),
(939, 7, 2, 2, 1, 5, '2350.45', '2025-08-23 13:19:39', '2025-08-23 13:19:39'),
(940, 7, 2, 2, 2024, 1, '2298.00', '2025-08-23 13:19:39', '2025-08-23 13:19:39'),
(941, 7, 2, 2, 2024, 2, '2346.00', '2025-08-23 13:19:39', '2025-08-23 13:19:39'),
(942, 7, 2, 2, 2024, 3, '2428.00', '2025-08-23 13:19:39', '2025-08-23 13:19:39'),
(943, 7, 2, 2, 2024, 4, '2580.00', '2025-08-23 13:19:39', '2025-08-23 13:19:39'),
(944, 7, 2, 2, 2024, 5, '2459.00', '2025-08-23 13:19:39', '2025-08-23 13:19:39'),
(945, 7, 2, 2, 2024, 6, '2400.00', '2025-08-23 13:19:39', '2025-08-23 13:19:39'),
(946, 7, 2, 2, 2024, 7, '2433.00', '2025-08-23 13:19:39', '2025-08-23 13:19:39'),
(947, 7, 2, 2, 2024, 8, '2433.00', '2025-08-23 13:19:39', '2025-08-23 13:19:39'),
(948, 7, 2, 2, 2024, 9, '2433.00', '2025-08-23 13:19:39', '2025-08-23 13:19:39'),
(949, 7, 2, 2, 2024, 10, '2433.00', '2025-08-23 13:19:39', '2025-08-23 13:19:39'),
(950, 7, 2, 2, 2024, 11, '2395.70', '2025-08-23 13:19:39', '2025-08-23 13:19:39'),
(951, 7, 2, 2, 2024, 12, '2395.70', '2025-08-23 13:19:39', '2025-08-23 13:19:39'),
(952, 7, 2, 2, 2025, 1, '2402.00', '2025-08-23 13:19:39', '2025-08-23 13:19:39'),
(953, 7, 2, 2, 2025, 2, '2395.30', '2025-08-23 13:19:39', '2025-08-23 13:19:39'),
(954, 7, 2, 2, 2025, 3, '2491.00', '2025-08-23 13:19:39', '2025-08-23 13:19:39'),
(955, 7, 2, 2, 2025, 4, '2463.30', '2025-08-23 13:19:39', '2025-08-23 13:19:39'),
(956, 7, 2, 2, 2025, 5, '2411.00', '2025-08-23 13:19:39', '2025-08-23 13:19:39'),
(957, 7, 2, 2, 2025, 6, '2412.00', '2025-08-23 13:19:39', '2025-08-23 13:19:39'),
(958, 7, 2, 2, 2025, 7, '2265.56', '2025-08-23 13:19:39', '2025-08-23 13:19:39'),
(959, 7, 2, 2, 2025, 12, '2395.30', '2025-08-23 13:19:39', '2025-08-23 13:19:39'),
(960, 7, 2, 2, 8, 5, '2292.45', '2025-08-23 13:19:39', '2025-08-23 13:19:39'),
(961, 7, 2, 2, 9, 5, '2350.45', '2025-08-23 13:19:39', '2025-08-23 13:19:39'),
(962, 7, 2, 16, 2024, 2, '500.00', '2025-08-23 13:19:39', '2025-08-23 13:19:39'),
(963, 7, 2, 16, 2025, 2, '900.00', '2025-08-23 13:19:39', '2025-08-23 13:19:39'),
(964, 7, 2, 16, 2025, 4, '150.00', '2025-08-23 13:19:39', '2025-08-23 13:19:39'),
(965, 7, 2, 16, 2025, 5, '34.08', '2025-08-23 13:19:39', '2025-08-23 13:19:39'),
(966, 7, 2, 16, 8, 5, '347.28', '2025-08-23 13:19:39', '2025-08-23 13:19:39'),
(967, 7, 2, 25, 2024, 6, '3080.33', '2025-08-23 13:19:39', '2025-08-23 13:19:39'),
(968, 7, 2, 25, 2025, 5, '1000.00', '2025-08-23 13:19:39', '2025-08-23 13:19:39'),
(969, 7, 2, 26, 2024, 6, '1642.00', '2025-08-23 13:19:39', '2025-08-23 13:19:39'),
(970, 7, 2, 26, 2024, 9, '1982.00', '2025-08-23 13:19:39', '2025-08-23 13:19:39'),
(971, 7, 3, 7, 0, 5, '80.00', '2025-08-23 13:19:39', '2025-08-23 13:19:39'),
(972, 7, 3, 7, 1, 5, '80.00', '2025-08-23 13:19:39', '2025-08-23 13:19:39'),
(973, 7, 3, 7, 2, 5, '80.00', '2025-08-23 13:19:39', '2025-08-23 13:19:39'),
(974, 7, 3, 7, 2024, 1, '64.00', '2025-08-23 13:19:39', '2025-08-23 13:19:39'),
(975, 7, 3, 7, 2024, 2, '80.00', '2025-08-23 13:19:39', '2025-08-23 13:19:39'),
(976, 7, 3, 7, 2024, 3, '80.00', '2025-08-23 13:19:39', '2025-08-23 13:19:39'),
(977, 7, 3, 7, 2024, 4, '160.18', '2025-08-23 13:19:39', '2025-08-23 13:19:39'),
(978, 7, 3, 7, 2024, 5, '180.35', '2025-08-23 13:19:39', '2025-08-23 13:19:39'),
(979, 7, 3, 7, 2024, 6, '150.00', '2025-08-23 13:19:39', '2025-08-23 13:19:39'),
(980, 7, 3, 7, 2024, 7, '150.00', '2025-08-23 13:19:39', '2025-08-23 13:19:39'),
(981, 7, 3, 7, 2024, 8, '150.00', '2025-08-23 13:19:39', '2025-08-23 13:19:39'),
(982, 7, 3, 7, 2024, 9, '170.77', '2025-08-23 13:19:39', '2025-08-23 13:19:39'),
(983, 7, 3, 7, 2024, 10, '167.97', '2025-08-23 13:19:39', '2025-08-23 13:19:39'),
(984, 7, 3, 7, 2024, 11, '185.69', '2025-08-23 13:19:39', '2025-08-23 13:19:39'),
(985, 7, 3, 7, 2024, 12, '201.39', '2025-08-23 13:19:39', '2025-08-23 13:19:39'),
(986, 7, 3, 7, 2025, 1, '21.86', '2025-08-23 13:19:39', '2025-08-23 13:19:39'),
(987, 7, 3, 7, 2025, 2, '109.69', '2025-08-23 13:19:39', '2025-08-23 13:19:39'),
(988, 7, 3, 7, 2025, 3, '157.81', '2025-08-23 13:19:39', '2025-08-23 13:19:39'),
(989, 7, 3, 7, 2025, 4, '18.58', '2025-08-23 13:19:39', '2025-08-23 13:19:39'),
(990, 7, 3, 7, 2025, 5, '61.40', '2025-08-23 13:19:39', '2025-08-23 13:19:39'),
(991, 7, 3, 7, 2025, 7, '31.05', '2025-08-23 13:19:39', '2025-08-23 13:19:39'),
(992, 7, 3, 7, 6, 5, '83.23', '2025-08-23 13:19:39', '2025-08-23 13:19:39'),
(993, 7, 3, 7, 7, 5, '100.80', '2025-08-23 13:19:39', '2025-08-23 13:19:39'),
(994, 7, 3, 7, 8, 5, '16.40', '2025-08-23 13:19:39', '2025-08-23 13:19:39'),
(995, 7, 3, 7, 9, 5, '80.00', '2025-08-23 13:19:39', '2025-08-23 13:19:39'),
(996, 7, 3, 8, 0, 5, '70.00', '2025-08-23 13:19:39', '2025-08-23 13:19:39'),
(997, 7, 3, 8, 2024, 1, '80.00', '2025-08-23 13:19:39', '2025-08-23 13:19:39'),
(998, 7, 3, 8, 2024, 2, '80.00', '2025-08-23 13:19:39', '2025-08-23 13:19:39'),
(999, 7, 3, 8, 2024, 3, '80.00', '2025-08-23 13:19:39', '2025-08-23 13:19:39'),
(1000, 7, 3, 8, 2024, 5, '100.00', '2025-08-23 13:19:39', '2025-08-23 13:19:39'),
(1001, 7, 3, 8, 2024, 6, '100.00', '2025-08-23 13:19:39', '2025-08-23 13:19:39'),
(1002, 7, 3, 8, 2024, 7, '100.00', '2025-08-23 13:19:39', '2025-08-23 13:19:39'),
(1003, 7, 3, 8, 2024, 8, '100.00', '2025-08-23 13:19:39', '2025-08-23 13:19:39'),
(1004, 7, 3, 8, 2024, 9, '100.00', '2025-08-23 13:19:39', '2025-08-23 13:19:39'),
(1005, 7, 3, 8, 2024, 10, '40.00', '2025-08-23 13:19:39', '2025-08-23 13:19:39'),
(1006, 7, 3, 8, 2024, 11, '75.00', '2025-08-23 13:19:39', '2025-08-23 13:19:39'),
(1007, 7, 3, 8, 2024, 12, '70.00', '2025-08-23 13:19:39', '2025-08-23 13:19:39'),
(1008, 7, 3, 8, 2025, 1, '80.00', '2025-08-23 13:19:39', '2025-08-23 13:19:39'),
(1009, 7, 3, 8, 2025, 2, '80.00', '2025-08-23 13:19:39', '2025-08-23 13:19:39'),
(1010, 7, 3, 8, 2025, 3, '80.00', '2025-08-23 13:19:39', '2025-08-23 13:19:39'),
(1011, 7, 3, 8, 2025, 4, '80.00', '2025-08-23 13:19:39', '2025-08-23 13:19:39'),
(1012, 7, 3, 8, 2025, 5, '60.00', '2025-08-23 13:19:39', '2025-08-23 13:19:39'),
(1013, 7, 3, 8, 2025, 6, '80.00', '2025-08-23 13:19:39', '2025-08-23 13:19:39'),
(1014, 7, 3, 8, 2025, 7, '60.00', '2025-08-23 13:19:39', '2025-08-23 13:19:39'),
(1015, 7, 3, 8, 2025, 11, '80.00', '2025-08-23 13:19:39', '2025-08-23 13:19:39'),
(1016, 7, 3, 8, 2025, 12, '80.00', '2025-08-23 13:19:39', '2025-08-23 13:19:39'),
(1017, 7, 3, 8, 8, 5, '30.00', '2025-08-23 13:19:39', '2025-08-23 13:19:39'),
(1018, 7, 3, 31, 8, 5, '27.00', '2025-08-23 13:19:39', '2025-08-23 13:19:39'),
(1019, 7, 4, 10, 2024, 1, '143.94', '2025-08-23 13:19:39', '2025-08-23 13:19:39'),
(1020, 7, 4, 10, 2024, 2, '50.00', '2025-08-23 13:19:39', '2025-08-23 13:19:39'),
(1021, 7, 4, 10, 2024, 3, '50.00', '2025-08-23 13:19:39', '2025-08-23 13:19:39'),
(1022, 7, 4, 10, 2024, 4, '21.00', '2025-08-23 13:19:39', '2025-08-23 13:19:39'),
(1023, 7, 4, 10, 2024, 6, '100.00', '2025-08-23 13:19:39', '2025-08-23 13:19:39'),
(1024, 7, 4, 10, 2024, 7, '103.32', '2025-08-23 13:19:39', '2025-08-23 13:19:39'),
(1025, 7, 4, 10, 2024, 9, '100.00', '2025-08-23 13:19:39', '2025-08-23 13:19:39'),
(1026, 7, 4, 10, 2024, 10, '287.81', '2025-08-23 13:19:39', '2025-08-23 13:19:39'),
(1027, 7, 4, 10, 2024, 11, '53.25', '2025-08-23 13:19:39', '2025-08-23 13:19:39'),
(1028, 7, 4, 10, 2025, 3, '26.64', '2025-08-23 13:19:39', '2025-08-23 13:19:39'),
(1029, 7, 4, 22, 2024, 5, '116.40', '2025-08-23 13:19:39', '2025-08-23 13:19:39'),
(1030, 7, 4, 22, 2024, 6, '218.72', '2025-08-23 13:19:39', '2025-08-23 13:19:39'),
(1031, 7, 4, 22, 2024, 8, '154.00', '2025-08-23 13:19:39', '2025-08-23 13:19:39'),
(1032, 7, 4, 22, 2024, 9, '13.04', '2025-08-23 13:19:39', '2025-08-23 13:19:39'),
(1033, 7, 4, 22, 2024, 10, '207.87', '2025-08-23 13:19:39', '2025-08-23 13:19:39'),
(1034, 7, 4, 22, 2024, 11, '327.44', '2025-08-23 13:19:39', '2025-08-23 13:19:39'),
(1035, 7, 4, 22, 2024, 12, '413.28', '2025-08-23 13:19:39', '2025-08-23 13:19:39'),
(1036, 7, 4, 22, 2025, 1, '300.00', '2025-08-23 13:19:39', '2025-08-23 13:19:39'),
(1037, 7, 4, 22, 2025, 3, '1075.27', '2025-08-23 13:19:39', '2025-08-23 13:19:39'),
(1038, 7, 4, 22, 2025, 4, '165.00', '2025-08-23 13:19:39', '2025-08-23 13:19:39'),
(1039, 7, 4, 22, 2025, 5, '456.00', '2025-08-23 13:19:39', '2025-08-23 13:19:39'),
(1040, 7, 4, 22, 2025, 7, '69.80', '2025-08-23 13:19:39', '2025-08-23 13:19:39'),
(1041, 7, 4, 22, 8, 5, '10.00', '2025-08-23 13:19:39', '2025-08-23 13:19:39'),
(1042, 7, 5, 11, 0, 5, '459.50', '2025-08-23 13:19:39', '2025-08-23 13:19:39'),
(1043, 7, 5, 11, 1, 5, '459.50', '2025-08-23 13:19:39', '2025-08-23 13:19:39'),
(1044, 7, 5, 11, 2024, 1, '499.74', '2025-08-23 13:19:39', '2025-08-23 13:19:39'),
(1045, 7, 5, 11, 2024, 2, '437.40', '2025-08-23 13:19:39', '2025-08-23 13:19:39'),
(1046, 7, 5, 11, 2024, 3, '381.00', '2025-08-23 13:19:39', '2025-08-23 13:19:39'),
(1047, 7, 5, 11, 2024, 4, '381.00', '2025-08-23 13:19:39', '2025-08-23 13:19:39'),
(1048, 7, 5, 11, 2024, 5, '305.00', '2025-08-23 13:19:39', '2025-08-23 13:19:39'),
(1049, 7, 5, 11, 2024, 6, '305.00', '2025-08-23 13:19:39', '2025-08-23 13:19:39'),
(1050, 7, 5, 11, 2024, 7, '305.00', '2025-08-23 13:19:39', '2025-08-23 13:19:39'),
(1051, 7, 5, 11, 2024, 8, '350.63', '2025-08-23 13:19:39', '2025-08-23 13:19:39'),
(1052, 7, 5, 11, 2024, 9, '305.00', '2025-08-23 13:19:39', '2025-08-23 13:19:39'),
(1053, 7, 5, 11, 2024, 10, '267.29', '2025-08-23 13:19:39', '2025-08-23 13:19:39'),
(1054, 7, 5, 11, 2024, 11, '260.65', '2025-08-23 13:19:39', '2025-08-23 13:19:39'),
(1055, 7, 5, 11, 2024, 12, '260.65', '2025-08-23 13:19:39', '2025-08-23 13:19:39'),
(1056, 7, 5, 11, 2025, 1, '260.65', '2025-08-23 13:19:39', '2025-08-23 13:19:39'),
(1057, 7, 5, 11, 2025, 2, '260.65', '2025-08-23 13:19:39', '2025-08-23 13:19:39'),
(1058, 7, 5, 11, 2025, 3, '992.36', '2025-08-23 13:19:39', '2025-08-23 13:19:39'),
(1059, 7, 5, 11, 2025, 4, '474.00', '2025-08-23 13:19:39', '2025-08-23 13:19:39'),
(1060, 7, 5, 11, 2025, 5, '474.00', '2025-08-23 13:19:39', '2025-08-23 13:19:39'),
(1061, 7, 5, 11, 2025, 6, '474.00', '2025-08-23 13:19:39', '2025-08-23 13:19:39'),
(1062, 7, 5, 11, 2025, 7, '458.84', '2025-08-23 13:19:39', '2025-08-23 13:19:39'),
(1063, 7, 5, 11, 2025, 12, '474.00', '2025-08-23 13:19:39', '2025-08-23 13:19:39'),
(1064, 7, 5, 11, 8, 5, '459.50', '2025-08-23 13:19:39', '2025-08-23 13:19:39'),
(1065, 7, 5, 11, 9, 5, '459.50', '2025-08-23 13:19:39', '2025-08-23 13:19:39'),
(1066, 7, 5, 19, 2024, 5, '79.38', '2025-08-23 13:19:39', '2025-08-23 13:19:39'),
(1067, 7, 5, 19, 2024, 6, '48.00', '2025-08-23 13:19:39', '2025-08-23 13:19:39'),
(1068, 7, 5, 19, 2024, 9, '124.42', '2025-08-23 13:19:39', '2025-08-23 13:19:39'),
(1069, 7, 5, 19, 2025, 4, '77.71', '2025-08-23 13:19:39', '2025-08-23 13:19:39'),
(1070, 7, 5, 19, 8, 5, '76.22', '2025-08-23 13:19:39', '2025-08-23 13:19:39'),
(1071, 7, 5, 20, 2024, 5, '76.22', '2025-08-23 13:19:39', '2025-08-23 13:19:39'),
(1072, 7, 5, 20, 2024, 6, '48.00', '2025-08-23 13:19:39', '2025-08-23 13:19:39'),
(1073, 7, 5, 20, 2024, 11, '153.93', '2025-08-23 13:19:39', '2025-08-23 13:19:39'),
(1074, 7, 5, 20, 2025, 2, '45.73', '2025-08-23 13:19:39', '2025-08-23 13:19:39'),
(1075, 7, 5, 20, 2025, 4, '75.50', '2025-08-23 13:19:39', '2025-08-23 13:19:39'),
(1076, 7, 5, 20, 2025, 6, '77.71', '2025-08-23 13:19:39', '2025-08-23 13:19:39'),
(1077, 7, 5, 21, 2024, 5, '81.00', '2025-08-23 13:19:39', '2025-08-23 13:19:39'),
(1078, 7, 5, 21, 2024, 6, '96.00', '2025-08-23 13:19:39', '2025-08-23 13:19:39'),
(1079, 7, 5, 21, 2024, 7, '96.00', '2025-08-23 13:19:39', '2025-08-23 13:19:39'),
(1080, 7, 5, 21, 2024, 10, '297.96', '2025-08-23 13:19:39', '2025-08-23 13:19:39'),
(1081, 7, 5, 21, 2024, 11, '53.35', '2025-08-23 13:19:39', '2025-08-23 13:19:39'),
(1082, 7, 5, 21, 2024, 12, '53.35', '2025-08-23 13:19:39', '2025-08-23 13:19:39'),
(1083, 7, 5, 21, 2025, 1, '53.35', '2025-08-23 13:19:39', '2025-08-23 13:19:39'),
(1084, 7, 5, 21, 2025, 2, '53.35', '2025-08-23 13:19:39', '2025-08-23 13:19:39'),
(1085, 7, 5, 21, 2025, 3, '53.35', '2025-08-23 13:19:39', '2025-08-23 13:19:39'),
(1086, 7, 5, 21, 2025, 4, '53.35', '2025-08-23 13:19:39', '2025-08-23 13:19:39'),
(1087, 7, 5, 21, 2025, 5, '53.35', '2025-08-23 13:19:39', '2025-08-23 13:19:39'),
(1088, 7, 5, 21, 2025, 6, '53.35', '2025-08-23 13:19:39', '2025-08-23 13:19:39'),
(1089, 7, 5, 27, 2024, 9, '199.66', '2025-08-23 13:19:39', '2025-08-23 13:19:39'),
(1090, 7, 5, 27, 2024, 10, '154.91', '2025-08-23 13:19:39', '2025-08-23 13:19:39'),
(1091, 7, 5, 27, 2024, 11, '24.35', '2025-08-23 13:19:39', '2025-08-23 13:19:39'),
(1092, 7, 5, 27, 2024, 12, '31.97', '2025-08-23 13:19:39', '2025-08-23 13:19:39'),
(1093, 7, 5, 27, 2025, 1, '28.96', '2025-08-23 13:19:39', '2025-08-23 13:19:39'),
(1094, 7, 5, 28, 2024, 11, '41.16', '2025-08-23 13:19:39', '2025-08-23 13:19:39'),
(1095, 7, 5, 28, 2024, 12, '41.16', '2025-08-23 13:19:39', '2025-08-23 13:19:39'),
(1096, 7, 5, 28, 2025, 1, '41.16', '2025-08-23 13:19:39', '2025-08-23 13:19:39'),
(1097, 7, 5, 28, 2025, 2, '41.16', '2025-08-23 13:19:39', '2025-08-23 13:19:39'),
(1098, 7, 5, 28, 2025, 3, '41.16', '2025-08-23 13:19:39', '2025-08-23 13:19:39'),
(1099, 7, 5, 28, 2025, 4, '41.16', '2025-08-23 13:19:39', '2025-08-23 13:19:39'),
(1100, 7, 5, 28, 2025, 5, '41.16', '2025-08-23 13:19:39', '2025-08-23 13:19:39'),
(1101, 7, 5, 28, 2025, 6, '41.16', '2025-08-23 13:19:39', '2025-08-23 13:19:39'),
(1102, 7, 5, 28, 2025, 7, '41.16', '2025-08-23 13:19:39', '2025-08-23 13:19:39'),
(1103, 7, 5, 29, 2024, 11, '38.11', '2025-08-23 13:19:39', '2025-08-23 13:19:39'),
(1104, 7, 5, 29, 2024, 12, '38.11', '2025-08-23 13:19:39', '2025-08-23 13:19:39'),
(1105, 7, 5, 29, 2025, 1, '38.11', '2025-08-23 13:19:39', '2025-08-23 13:19:39'),
(1106, 7, 5, 29, 2025, 2, '38.11', '2025-08-23 13:19:39', '2025-08-23 13:19:39'),
(1107, 7, 5, 29, 2025, 3, '38.11', '2025-08-23 13:19:39', '2025-08-23 13:19:39'),
(1108, 7, 5, 29, 2025, 4, '38.11', '2025-08-23 13:19:39', '2025-08-23 13:19:39'),
(1109, 7, 5, 29, 2025, 5, '38.11', '2025-08-23 13:19:39', '2025-08-23 13:19:39'),
(1110, 7, 5, 29, 2025, 6, '38.11', '2025-08-23 13:19:39', '2025-08-23 13:19:39'),
(1111, 7, 6, 12, 2024, 1, '173.49', '2025-08-23 13:19:39', '2025-08-23 13:19:39'),
(1112, 7, 6, 12, 2024, 2, '173.49', '2025-08-23 13:19:39', '2025-08-23 13:19:39'),
(1113, 7, 6, 12, 2024, 3, '173.49', '2025-08-23 13:19:39', '2025-08-23 13:19:39'),
(1114, 7, 6, 12, 2024, 4, '173.49', '2025-08-23 13:19:39', '2025-08-23 13:19:39'),
(1115, 7, 6, 12, 2024, 5, '312.33', '2025-08-23 13:19:39', '2025-08-23 13:19:39'),
(1116, 7, 6, 12, 2024, 6, '311.36', '2025-08-23 13:19:39', '2025-08-23 13:19:39'),
(1117, 7, 6, 12, 2024, 7, '235.62', '2025-08-23 13:19:39', '2025-08-23 13:19:39'),
(1118, 7, 6, 12, 2024, 8, '135.62', '2025-08-23 13:19:39', '2025-08-23 13:19:39'),
(1119, 7, 6, 12, 2024, 9, '135.62', '2025-08-23 13:19:39', '2025-08-23 13:19:39'),
(1120, 7, 6, 12, 2024, 10, '135.62', '2025-08-23 13:19:39', '2025-08-23 13:19:39'),
(1121, 7, 6, 12, 2024, 11, '133.12', '2025-08-23 13:19:39', '2025-08-23 13:19:39'),
(1122, 7, 6, 12, 2025, 5, '190.00', '2025-08-23 13:19:39', '2025-08-23 13:19:39'),
(1123, 7, 6, 12, 2025, 6, '100.00', '2025-08-23 13:19:39', '2025-08-23 13:19:39'),
(1124, 7, 6, 12, 2025, 7, '100.00', '2025-08-23 13:19:39', '2025-08-23 13:19:39'),
(1125, 7, 7, 14, 2024, 1, '377.29', '2025-08-23 13:19:39', '2025-08-23 13:19:39'),
(1126, 7, 7, 14, 2024, 2, '247.91', '2025-08-23 13:19:39', '2025-08-23 13:19:39'),
(1127, 7, 7, 14, 2024, 4, '808.65', '2025-08-23 13:19:39', '2025-08-23 13:19:39'),
(1128, 7, 7, 14, 2024, 5, '293.23', '2025-08-23 13:19:39', '2025-08-23 13:19:39'),
(1129, 7, 7, 14, 2024, 8, '271.94', '2025-08-23 13:19:39', '2025-08-23 13:19:39'),
(1130, 7, 7, 14, 2024, 10, '204.12', '2025-08-23 13:19:39', '2025-08-23 13:19:39'),
(1131, 7, 7, 14, 2024, 11, '440.24', '2025-08-23 13:19:39', '2025-08-23 13:19:39'),
(1132, 7, 7, 14, 2024, 12, '106.51', '2025-08-23 13:19:39', '2025-08-23 13:19:39'),
(1133, 7, 7, 14, 2025, 1, '335.27', '2025-08-23 13:19:39', '2025-08-23 13:19:39'),
(1134, 7, 7, 14, 2025, 2, '536.49', '2025-08-23 13:19:39', '2025-08-23 13:19:39'),
(1135, 7, 7, 14, 2025, 3, '36.51', '2025-08-23 13:19:39', '2025-08-23 13:19:39'),
(1136, 7, 7, 14, 2025, 4, '350.88', '2025-08-23 13:19:39', '2025-08-23 13:19:39'),
(1137, 7, 7, 14, 2025, 5, '194.90', '2025-08-23 13:19:39', '2025-08-23 13:19:39'),
(1138, 7, 7, 14, 2025, 6, '286.46', '2025-08-23 13:19:39', '2025-08-23 13:19:39'),
(1139, 7, 7, 14, 2025, 7, '257.56', '2025-08-23 13:19:39', '2025-08-23 13:19:39'),
(1140, 7, 7, 14, 8, 5, '16.73', '2025-08-23 13:19:39', '2025-08-23 13:19:39'),
(1141, 7, 7, 17, 2024, 3, '2416.08', '2025-08-23 13:19:39', '2025-08-23 13:19:39'),
(1142, 7, 7, 17, 2024, 6, '565.45', '2025-08-23 13:19:39', '2025-08-23 13:19:39'),
(1143, 7, 7, 17, 2024, 7, '357.25', '2025-08-23 13:19:39', '2025-08-23 13:19:39'),
(1144, 7, 7, 17, 2024, 9, '32.38', '2025-08-23 13:19:39', '2025-08-23 13:19:39'),
(1145, 7, 7, 17, 2024, 10, '198.99', '2025-08-23 13:19:39', '2025-08-23 13:19:39'),
(1146, 7, 7, 17, 2024, 11, '126.96', '2025-08-23 13:19:39', '2025-08-23 13:19:39'),
(1147, 7, 7, 17, 2025, 1, '85.76', '2025-08-23 13:19:39', '2025-08-23 13:19:39'),
(1148, 7, 7, 17, 2025, 2, '4.99', '2025-08-23 13:19:39', '2025-08-23 13:19:39'),
(1149, 7, 7, 17, 2025, 3, '400.00', '2025-08-23 13:19:39', '2025-08-23 13:19:39'),
(1150, 7, 7, 17, 2025, 4, '181.60', '2025-08-23 13:19:39', '2025-08-23 13:19:39'),
(1151, 7, 7, 17, 2025, 5, '27.40', '2025-08-23 13:19:39', '2025-08-23 13:19:39'),
(1152, 7, 7, 17, 8, 5, '77.71', '2025-08-23 13:19:39', '2025-08-23 13:19:39'),
(1153, 7, 8, 18, 0, 5, '428.34', '2025-08-23 13:19:39', '2025-08-23 13:19:39'),
(1154, 7, 8, 18, 2024, 4, '284.00', '2025-08-23 13:19:39', '2025-08-23 13:19:39'),
(1155, 7, 8, 18, 2024, 5, '248.73', '2025-08-23 13:19:39', '2025-08-23 13:19:39'),
(1156, 7, 8, 18, 2024, 6, '632.01', '2025-08-23 13:19:39', '2025-08-23 13:19:39'),
(1157, 7, 8, 18, 2024, 7, '111.16', '2025-08-23 13:19:39', '2025-08-23 13:19:39'),
(1158, 7, 8, 18, 2024, 8, '235.90', '2025-08-23 13:19:39', '2025-08-23 13:19:39'),
(1159, 7, 8, 18, 2024, 9, '217.88', '2025-08-23 13:19:39', '2025-08-23 13:19:39'),
(1160, 7, 8, 18, 2024, 10, '791.04', '2025-08-23 13:19:39', '2025-08-23 13:19:39'),
(1161, 7, 8, 18, 2024, 11, '254.55', '2025-08-23 13:19:39', '2025-08-23 13:19:39'),
(1162, 7, 8, 18, 2024, 12, '546.31', '2025-08-23 13:19:39', '2025-08-23 13:19:39'),
(1163, 7, 8, 18, 2025, 1, '748.32', '2025-08-23 13:19:39', '2025-08-23 13:19:39'),
(1164, 7, 8, 18, 2025, 2, '760.58', '2025-08-23 13:19:39', '2025-08-23 13:19:39'),
(1165, 7, 8, 18, 2025, 3, '754.42', '2025-08-23 13:19:39', '2025-08-23 13:19:39'),
(1166, 7, 8, 18, 2025, 4, '428.34', '2025-08-23 13:19:39', '2025-08-23 13:19:39'),
(1167, 7, 8, 18, 2025, 5, '643.62', '2025-08-23 13:19:39', '2025-08-23 13:19:39'),
(1168, 7, 8, 18, 2025, 6, '851.83', '2025-08-23 13:19:39', '2025-08-23 13:19:39'),
(1169, 7, 8, 18, 2025, 7, '621.21', '2025-08-23 13:19:39', '2025-08-23 13:19:39'),
(1170, 7, 8, 18, 2025, 8, '73.10', '2025-08-23 13:19:39', '2025-08-23 13:19:39'),
(1171, 7, 8, 18, 2025, 11, '397.33', '2025-08-23 13:19:39', '2025-08-23 13:19:39'),
(1172, 7, 8, 18, 8, 5, '529.68', '2025-08-23 13:19:39', '2025-08-23 13:19:39'),
(1173, 7, 8, 18, 9, 5, '504.56', '2025-08-23 13:19:39', '2025-08-23 13:19:39'),
(1174, 7, 9, 24, 0, 5, '199.00', '2025-08-23 13:19:39', '2025-08-23 13:19:39'),
(1175, 7, 9, 24, 1, 5, '199.00', '2025-08-23 13:19:39', '2025-08-23 13:19:39'),
(1176, 7, 9, 24, 2, 5, '199.00', '2025-08-23 13:19:39', '2025-08-23 13:19:39'),
(1177, 7, 9, 24, 2024, 6, '232.00', '2025-08-23 13:19:39', '2025-08-23 13:19:39'),
(1178, 7, 9, 24, 2024, 7, '194.99', '2025-08-23 13:19:39', '2025-08-23 13:19:39'),
(1179, 7, 9, 24, 2024, 10, '156.00', '2025-08-23 13:19:39', '2025-08-23 13:19:39'),
(1180, 7, 9, 24, 2024, 11, '78.00', '2025-08-23 13:19:39', '2025-08-23 13:19:39'),
(1181, 7, 9, 24, 2024, 12, '81.00', '2025-08-23 13:19:39', '2025-08-23 13:19:39'),
(1182, 7, 9, 24, 9, 5, '199.00', '2025-08-23 13:19:39', '2025-08-23 13:19:39'),
(1183, 7, 10, 30, 1, 5, '78.48', '2025-08-23 13:19:39', '2025-08-23 13:19:39'),
(1184, 7, 10, 30, 2, 5, '78.48', '2025-08-23 13:19:39', '2025-08-23 13:19:39'),
(1185, 7, 10, 30, 2024, 11, '2427.12', '2025-08-23 13:19:39', '2025-08-23 13:19:39'),
(1186, 7, 10, 30, 2024, 12, '53.36', '2025-08-23 13:19:39', '2025-08-23 13:19:39'),
(1187, 7, 10, 30, 2025, 3, '77.71', '2025-08-23 13:19:39', '2025-08-23 13:19:39'),
(1188, 7, 10, 30, 2025, 4, '77.71', '2025-08-23 13:19:39', '2025-08-23 13:19:39'),
(1189, 7, 10, 30, 2025, 5, '80.00', '2025-08-23 13:19:39', '2025-08-23 13:19:39'),
(1190, 7, 10, 30, 2025, 6, '80.00', '2025-08-23 13:19:39', '2025-08-23 13:19:39'),
(1191, 7, 10, 30, 2025, 7, '78.48', '2025-08-23 13:19:39', '2025-08-23 13:19:39'),
(1192, 7, 10, 30, 2025, 8, '78.48', '2025-08-23 13:19:39', '2025-08-23 13:19:39'),
(1193, 7, 10, 30, 2025, 9, '78.48', '2025-08-23 13:19:39', '2025-08-23 13:19:39'),
(1194, 7, 10, 30, 2025, 10, '78.48', '2025-08-23 13:19:39', '2025-08-23 13:19:39'),
(1195, 7, 11, 32, 8, 5, '1000.00', '2025-08-23 13:19:39', '2025-08-23 13:19:39'),
(1196, 7, 3, 7, 2025, 9, '80.00', '2025-08-27 19:29:03', '2025-08-27 19:29:03'),
(1197, 7, 3, 7, 2026, 1, '80.00', '2025-12-19 16:01:34', '2025-12-19 16:01:34'),
(1198, 7, 3, 7, 2026, 2, '80.00', '2025-12-19 16:02:45', '2025-12-19 16:02:45'),
(1199, 7, 3, 7, 2026, 3, '80.00', '2025-12-19 16:03:10', '2025-12-19 16:03:10'),
(1200, 7, 3, 8, 2026, 1, '70.00', '2025-12-19 16:05:04', '2025-12-19 16:05:04');

-- --------------------------------------------------------

--
-- Structure de la table `objectif_atteints`
--

CREATE TABLE `objectif_atteints` (
  `id_objectif_atteint` int(11) NOT NULL,
  `id_objectif` int(11) DEFAULT NULL,
  `user_id` int(11) NOT NULL,
  `id_subcategory` int(11) NOT NULL,
  `name` varchar(100) DEFAULT NULL,
  `montant_objectif` decimal(10,2) NOT NULL,
  `montant_objectif_eur` decimal(10,2) NOT NULL,
  `date_creation` timestamp NOT NULL DEFAULT current_timestamp(),
  `date_atteint` date DEFAULT NULL,
  `total_collected` decimal(14,2) DEFAULT NULL,
  `progress_pct` decimal(5,2) DEFAULT NULL,
  `nb_versements` int(11) DEFAULT 0
) ENGINE=InnoDB DEFAULT CHARSET=utf8mb4 COLLATE=utf8mb4_general_ci;

--
-- Déchargement des données de la table `objectif_atteints`
--

INSERT INTO `objectif_atteints` (`id_objectif_atteint`, `id_objectif`, `user_id`, `id_subcategory`, `name`, `montant_objectif`, `montant_objectif_eur`, `date_creation`, `date_atteint`, `total_collected`, `progress_pct`, `nb_versements`) VALUES
(3, 3, 7, 353, 'Tontine', '714.00', '714.00', '2024-12-27 23:09:07', '2025-12-02', '793.55', '100.00', 11);

-- --------------------------------------------------------

--
-- Structure de la table `objectif_crees`
--

CREATE TABLE `objectif_crees` (
  `id_objectif` int(11) NOT NULL,
  `user_id` int(11) NOT NULL,
  `id_subcategory` int(11) NOT NULL,
  `montant` decimal(10,2) NOT NULL,
  `Montant_eur` decimal(10,2) NOT NULL,
  `date_depot` timestamp NOT NULL DEFAULT current_timestamp(),
  `automatique` tinyint(1) DEFAULT 0,
  `date_cible` date DEFAULT NULL
) ENGINE=InnoDB DEFAULT CHARSET=utf8mb4 COLLATE=utf8mb4_general_ci;

--
-- Déchargement des données de la table `objectif_crees`
--

INSERT INTO `objectif_crees` (`id_objectif`, `user_id`, `id_subcategory`, `montant`, `Montant_eur`, `date_depot`, `automatique`, `date_cible`) VALUES
(1, 7, 350, '5400.00', '5400.00', '2025-12-26 06:36:31', 0, '2027-01-24'),
(3, 7, 354, '500.00', '500.00', '2025-12-23 16:38:40', 0, '2026-05-30'),
(4, 7, 357, '2000.00', '2000.00', '2026-01-02 17:07:49', 0, '2026-12-01'),
(5, 15, 362, '500.00', '500.00', '2026-01-29 10:54:39', 0, '2026-06-25'),
(6, 7, 363, '2500.00', '0.00', '2026-02-06 21:11:23', 0, '2027-01-27');

-- --------------------------------------------------------

--
-- Structure de la table `ocr_feedback`
--

CREATE TABLE `ocr_feedback` (
  `id_feedback` int(10) UNSIGNED NOT NULL,
  `id_utilisateur` int(10) UNSIGNED DEFAULT NULL,
  `receipt_text_hash` varchar(64) NOT NULL,
  `redacted_text` varchar(500) DEFAULT NULL,
  `merchant` varchar(255) DEFAULT NULL,
  `invoice_hash` varchar(64) DEFAULT NULL,
  `suggested_amount` decimal(12,2) DEFAULT NULL,
  `suggested_category` varchar(255) DEFAULT NULL,
  `applied_amount` decimal(12,2) DEFAULT NULL,
  `applied_category` varchar(255) DEFAULT NULL,
  `action` enum('accepted','overridden','rejected') NOT NULL,
  `candidates` longtext CHARACTER SET utf8mb4 COLLATE utf8mb4_bin DEFAULT NULL
) ;

--
-- Déchargement des données de la table `ocr_feedback`
--

INSERT INTO `ocr_feedback` (`id_feedback`, `id_utilisateur`, `receipt_text_hash`, `redacted_text`, `merchant`, `invoice_hash`, `suggested_amount`, `suggested_category`, `applied_amount`, `applied_category`, `action`, `candidates`, `meta`, `created_at`) VALUES
(1, 7, '2f0128bb88115ff35e39d12d7ef190ca13454a9e0b25a56e52848f972ea1c100', 'cod = [\nAUX MILLES SAVEURS\nM3 BD WINSTON CHURCHILL\n72100 LE MANS ;\nTICKET DE VENTE = à ’\nV-T } @PSRN\nDATE 08/10/2025 - 18:35) n° 172541\n1 TL. ; x ji\nArétcte / Ote 15-Pri/ dontant |\nnerveux de GIte 4 ; {\n5,5% 1,842 kg&#039;0 14,80 = 28,94 1/1\no…———— 2 M\nDAT. “un .\nIOnarn9 2UNA2 1sige% a Cu à\ni EN | ;\nEn espèce: æ va\nÀ rendre: $ à\nTVA inclus au taux indie * KM à\n4\nLee ve 1\nki w\nSosog co RS KaeV | | I, ;\nee\nSionature:_nilit® ee 1 1, 18\n© &#039;sérieY2pndtee TT 1 0\ny _;r,.,', 'cod = [', '5bb7a57c5b16977416336e1919959e81ec081ec5d21c49b31a5fd7c2f62087f3', '28.94', NULL, '28.94', NULL, 'accepted', '[{\"raw\":\"28,94\",\"value\":28.940000000000001278976924368180334568023681640625,\"score100\":22},{\"raw\":\"14,80\",\"value\":14.800000000000000710542735760100185871124267578125,\"score100\":21},{\"raw\":\"981\",\"value\":981,\"score100\":14},{\"raw\":\"721\",\"value\":721,\"score100\":13},{\"raw\":\"541\",\"value\":541,\"score100\":13}]', '{\"via\":\"apply_amount_button\"}', '2026-01-17 17:00:56'),
(2, 7, '2f0128bb88115ff35e39d12d7ef190ca13454a9e0b25a56e52848f972ea1c100', 'cod = [\nAUX MILLES SAVEURS\nM3 BD WINSTON CHURCHILL\n72100 LE MANS ;\nTICKET DE VENTE = à ’\nV-T } @PSRN\nDATE 08/10/2025 - 18:35) n° 172541\n1 TL. ; x ji\nArétcte / Ote 15-Pri/ dontant |\nnerveux de GIte 4 ; {\n5,5% 1,842 kg&#039;0 14,80 = 28,94 1/1\no…———— 2 M\nDAT. “un .\nIOnarn9 2UNA2 1sige% a Cu à\ni EN | ;\nEn espèce: æ va\nÀ rendre: $ à\nTVA inclus au taux indie * KM à\n4\nLee ve 1\nki w\nSosog co RS KaeV | | I, ;\nee\nSionature:_nilit® ee 1 1, 18\n© &#039;sérieY2pndtee TT 1 0\ny _;r,.,', 'cod = [', '5bb7a57c5b16977416336e1919959e81ec081ec5d21c49b31a5fd7c2f62087f3', '28.94', NULL, '28.94', NULL, 'accepted', '[{\"raw\":\"28,94\",\"value\":28.940000000000001278976924368180334568023681640625,\"score100\":22},{\"raw\":\"14,80\",\"value\":14.800000000000000710542735760100185871124267578125,\"score100\":21},{\"raw\":\"981\",\"value\":981,\"score100\":14},{\"raw\":\"721\",\"value\":721,\"score100\":13},{\"raw\":\"541\",\"value\":541,\"score100\":13}]', '{\"via\":\"confirm_button\"}', '2026-01-17 17:01:20'),
(3, 7, '2f0128bb88115ff35e39d12d7ef190ca13454a9e0b25a56e52848f972ea1c100', 'cod = [\nAUX MILLES SAVEURS\nM3 BD WINSTON CHURCHILL\n72100 LE MANS ;\nTICKET DE VENTE = à ’\nV-T } @PSRN\nDATE 08/10/2025 - 18:35) n° 172541\n1 TL. ; x ji\nArétcte / Ote 15-Pri/ dontant |\nnerveux de GIte 4 ; {\n5,5% 1,842 kg&#039;0 14,80 = 28,94 1/1\no…———— 2 M\nDAT. “un .\nIOnarn9 2UNA2 1sige% a Cu à\ni EN | ;\nEn espèce: æ va\nÀ rendre: $ à\nTVA inclus au taux indie * KM à\n4\nLee ve 1\nki w\nSosog co RS KaeV | | I, ;\nee\nSionature:_nilit® ee 1 1, 18\n© &#039;sérieY2pndtee TT 1 0\ny _;r,.,', 'cod = [', '5bb7a57c5b16977416336e1919959e81ec081ec5d21c49b31a5fd7c2f62087f3', '28.94', NULL, '28.94', NULL, 'accepted', '[{\"raw\":\"28,94\",\"value\":28.940000000000001278976924368180334568023681640625,\"score100\":22},{\"raw\":\"14,80\",\"value\":14.800000000000000710542735760100185871124267578125,\"score100\":21},{\"raw\":\"981\",\"value\":981,\"score100\":14},{\"raw\":\"721\",\"value\":721,\"score100\":13},{\"raw\":\"541\",\"value\":541,\"score100\":13}]', '{\"via\":\"confirm_button\"}', '2026-01-17 17:06:46'),
(4, 7, '2f0128bb88115ff35e39d12d7ef190ca13454a9e0b25a56e52848f972ea1c100', 'cod = [\nAUX MILLES SAVEURS\nM3 BD WINSTON CHURCHILL\n72100 LE MANS ;\nTICKET DE VENTE = à ’\nV-T } @PSRN\nDATE 08/10/2025 - 18:35) n° 172541\n1 TL. ; x ji\nArétcte / Ote 15-Pri/ dontant |\nnerveux de GIte 4 ; {\n5,5% 1,842 kg&#039;0 14,80 = 28,94 1/1\no…———— 2 M\nDAT. “un .\nIOnarn9 2UNA2 1sige% a Cu à\ni EN | ;\nEn espèce: æ va\nÀ rendre: $ à\nTVA inclus au taux indie * KM à\n4\nLee ve 1\nki w\nSosog co RS KaeV | | I, ;\nee\nSionature:_nilit® ee 1 1, 18\n© &#039;sérieY2pndtee TT 1 0\ny _;r,.,', 'cod = [', '5bb7a57c5b16977416336e1919959e81ec081ec5d21c49b31a5fd7c2f62087f3', '28.94', NULL, '28.94', NULL, 'accepted', '[{\"raw\":\"28,94\",\"value\":28.940000000000001278976924368180334568023681640625,\"score100\":22},{\"raw\":\"14,80\",\"value\":14.800000000000000710542735760100185871124267578125,\"score100\":21},{\"raw\":\"981\",\"value\":981,\"score100\":14},{\"raw\":\"721\",\"value\":721,\"score100\":13},{\"raw\":\"541\",\"value\":541,\"score100\":13}]', '{\"via\":\"confirm_button\"}', '2026-01-17 17:06:49'),
(5, 7, '2f0128bb88115ff35e39d12d7ef190ca13454a9e0b25a56e52848f972ea1c100', 'cod = [\nAUX MILLES SAVEURS\nM3 BD WINSTON CHURCHILL\n72100 LE MANS ;\nTICKET DE VENTE = à ’\nV-T } @PSRN\nDATE 08/10/2025 - 18:35) n° 172541\n1 TL. ; x ji\nArétcte / Ote 15-Pri/ dontant |\nnerveux de GIte 4 ; {\n5,5% 1,842 kg&#039;0 14,80 = 28,94 1/1\no…———— 2 M\nDAT. “un .\nIOnarn9 2UNA2 1sige% a Cu à\ni EN | ;\nEn espèce: æ va\nÀ rendre: $ à\nTVA inclus au taux indie * KM à\n4\nLee ve 1\nki w\nSosog co RS KaeV | | I, ;\nee\nSionature:_nilit® ee 1 1, 18\n© &#039;sérieY2pndtee TT 1 0\ny _;r,.,', 'cod = [', '5bb7a57c5b16977416336e1919959e81ec081ec5d21c49b31a5fd7c2f62087f3', '28.94', NULL, '28.94', NULL, 'accepted', '[{\"raw\":\"28,94\",\"value\":28.940000000000001278976924368180334568023681640625,\"score100\":22},{\"raw\":\"14,80\",\"value\":14.800000000000000710542735760100185871124267578125,\"score100\":21},{\"raw\":\"981\",\"value\":981,\"score100\":14},{\"raw\":\"721\",\"value\":721,\"score100\":13},{\"raw\":\"541\",\"value\":541,\"score100\":13}]', '{\"via\":\"confirm_button\"}', '2026-01-17 17:09:11'),
(6, 7, '2f0128bb88115ff35e39d12d7ef190ca13454a9e0b25a56e52848f972ea1c100', 'cod = [\nAUX MILLES SAVEURS\nM3 BD WINSTON CHURCHILL\n72100 LE MANS ;\nTICKET DE VENTE = à ’\nV-T } @PSRN\nDATE 08/10/2025 - 18:35) n° 172541\n1 TL. ; x ji\nArétcte / Ote 15-Pri/ dontant |\nnerveux de GIte 4 ; {\n5,5% 1,842 kg&#039;0 14,80 = 28,94 1/1\no…———— 2 M\nDAT. “un .\nIOnarn9 2UNA2 1sige% a Cu à\ni EN | ;\nEn espèce: æ va\nÀ rendre: $ à\nTVA inclus au taux indie * KM à\n4\nLee ve 1\nki w\nSosog co RS KaeV | | I, ;\nee\nSionature:_nilit® ee 1 1, 18\n© &#039;sérieY2pndtee TT 1 0\ny _;r,.,', 'cod = [', '5bb7a57c5b16977416336e1919959e81ec081ec5d21c49b31a5fd7c2f62087f3', '28.94', NULL, '28.94', NULL, 'accepted', '[{\"raw\":\"28,94\",\"value\":28.940000000000001278976924368180334568023681640625,\"score100\":22},{\"raw\":\"14,80\",\"value\":14.800000000000000710542735760100185871124267578125,\"score100\":21},{\"raw\":\"981\",\"value\":981,\"score100\":14},{\"raw\":\"721\",\"value\":721,\"score100\":13},{\"raw\":\"541\",\"value\":541,\"score100\":13}]', '{\"via\":\"confirm_button\"}', '2026-01-17 17:11:03'),
(7, 7, '2f0128bb88115ff35e39d12d7ef190ca13454a9e0b25a56e52848f972ea1c100', 'cod = [\nAUX MILLES SAVEURS\nM3 BD WINSTON CHURCHILL\n72100 LE MANS ;\nTICKET DE VENTE = à ’\nV-T } @PSRN\nDATE 08/10/2025 - 18:35) n° 172541\n1 TL. ; x ji\nArétcte / Ote 15-Pri/ dontant |\nnerveux de GIte 4 ; {\n5,5% 1,842 kg&#039;0 14,80 = 28,94 1/1\no…———— 2 M\nDAT. “un .\nIOnarn9 2UNA2 1sige% a Cu à\ni EN | ;\nEn espèce: æ va\nÀ rendre: $ à\nTVA inclus au taux indie * KM à\n4\nLee ve 1\nki w\nSosog co RS KaeV | | I, ;\nee\nSionature:_nilit® ee 1 1, 18\n© &#039;sérieY2pndtee TT 1 0\ny _;r,.,', 'cod = [', '5bb7a57c5b16977416336e1919959e81ec081ec5d21c49b31a5fd7c2f62087f3', '28.94', NULL, '28.94', NULL, 'accepted', '[{\"raw\":\"28,94\",\"value\":28.940000000000001278976924368180334568023681640625,\"score100\":22},{\"raw\":\"14,80\",\"value\":14.800000000000000710542735760100185871124267578125,\"score100\":21},{\"raw\":\"981\",\"value\":981,\"score100\":14},{\"raw\":\"721\",\"value\":721,\"score100\":13},{\"raw\":\"541\",\"value\":541,\"score100\":13}]', '{\"via\":\"confirm_button\"}', '2026-01-17 17:11:43'),
(8, 7, 'cab58712491e123deb3afaf28172151d717b1f3ecafb171d9519f2fea200391d', 'Carrefour\nmarket\nMARKET LE MANS BONNETABLE\nTél: 02 43 81 64 60\nLun. au Sam.: 08:30 à 20:00\nDim.: 09:00 à 12:30\n28/12/2025 à 11h35\nTVA Produit QTExP.U. Montant €\n5.5%  BAGUETTE 250G 1x0.59 0.59\n5.5%  BAGUETTE 250G 1x0.59 0.59\n5.5%  LIPTON YELLOW KENY 1x1.19 1.19\n5.5%  MEGACHOK VANI 500G 1x1.50 1.50\n5.5% _1KG RIZ LONG BLANC 1x1.25 1.25\n5.5% 1KG FROMAGE BLANC 1x1.79 1.79\n5.5% ORANGE 750G 1x0.99 0.99\nTotal à payer 7.90€\nPayé par\nCarte bancaire 7.90€\nMa carte Club Carrefour\n91357200007444', 'Carrefour', 'bd614eddf93ca8b34517c2ca805186585f05cf6e7e5bec62fa10b604573bde11', '7.90', NULL, '7.90', NULL, 'accepted', '[{\"raw\":\"7.90\",\"value\":7.9000000000000003552713678800500929355621337890625,\"score100\":69},{\"raw\":\"7.90\",\"value\":7.9000000000000003552713678800500929355621337890625,\"score100\":69},{\"raw\":\"7.90\",\"value\":7.9000000000000003552713678800500929355621337890625,\"score100\":69},{\"raw\":\"7.90\",\"value\":7.9000000000000003552713678800500929355621337890625,\"score100\":69},{\"raw\":\"1.79\",\"value\":1.79000000000000003552713678800500929355621337890625,\"score100\":67}]', '{\"via\":\"confirm_button\"}', '2026-01-17 17:13:41'),
(9, 7, 'cab58712491e123deb3afaf28172151d717b1f3ecafb171d9519f2fea200391d', 'Carrefour\nmarket\nMARKET LE MANS BONNETABLE\nTél: 02 43 81 64 60\nLun. au Sam.: 08:30 à 20:00\nDim.: 09:00 à 12:30\n28/12/2025 à 11h35\nTVA Produit QTExP.U. Montant €\n5.5%  BAGUETTE 250G 1x0.59 0.59\n5.5%  BAGUETTE 250G 1x0.59 0.59\n5.5%  LIPTON YELLOW KENY 1x1.19 1.19\n5.5%  MEGACHOK VANI 500G 1x1.50 1.50\n5.5% _1KG RIZ LONG BLANC 1x1.25 1.25\n5.5% 1KG FROMAGE BLANC 1x1.79 1.79\n5.5% ORANGE 750G 1x0.99 0.99\nTotal à payer 7.90€\nPayé par\nCarte bancaire 7.90€\nMa carte Club Carrefour\n91357200007444', 'Carrefour', 'bd614eddf93ca8b34517c2ca805186585f05cf6e7e5bec62fa10b604573bde11', '7.90', NULL, '7.90', NULL, 'accepted', '[{\"raw\":\"7.90\",\"value\":7.9000000000000003552713678800500929355621337890625,\"score100\":69},{\"raw\":\"7.90\",\"value\":7.9000000000000003552713678800500929355621337890625,\"score100\":69},{\"raw\":\"7.90\",\"value\":7.9000000000000003552713678800500929355621337890625,\"score100\":69},{\"raw\":\"7.90\",\"value\":7.9000000000000003552713678800500929355621337890625,\"score100\":69},{\"raw\":\"1.79\",\"value\":1.79000000000000003552713678800500929355621337890625,\"score100\":67}]', '{\"via\":\"confirm_button\"}', '2026-01-17 17:14:29'),
(10, 7, '0d8e24d6bcf193525c26cdfbfa5105672fc1eb2d2765e24a994997d19b7773e8', 'Carrefour\nmarket\nMARKET LE MANS BONNETABLE\nTVA Produit aTExPU. Montante\nleon x 52000\nTotal à payer 14.97€\nPayé par\nmes me\nRE isa Ce Carrotour\nDane\nTaux TVA Total produits | dontTVA\nTotal TvA tas7e o7se\n16.01.26 18-37 8137 29 3485 0610', 'Carrefour', '5c337237bf1593895c221f312870a1000f74334f85cbbeaa6507df6cde6953a9', '14.97', NULL, '14.97', NULL, 'accepted', '[{\"raw\":\"14.97\",\"value\":14.9700000000000006394884621840901672840118408203125,\"score100\":71},{\"raw\":\"16.01\",\"value\":16.010000000000001563194018672220408916473388671875,\"score100\":71},{\"raw\":\"-37 813\",\"value\":-37813,\"score100\":71},{\"raw\":\"29 348\",\"value\":29348,\"score100\":71},{\"raw\":\"5 061\",\"value\":5061,\"score100\":67}]', '{\"via\":\"confirm_button\"}', '2026-01-17 18:27:57'),
(11, 7, '0d8e24d6bcf193525c26cdfbfa5105672fc1eb2d2765e24a994997d19b7773e8', 'Carrefour\nmarket\nMARKET LE MANS BONNETABLE\nTVA Produit aTExPU. Montante\nleon x 52000\nTotal à payer 14.97€\nPayé par\nmes me\nRE isa Ce Carrotour\nDane\nTaux TVA Total produits | dontTVA\nTotal TvA tas7e o7se\n16.01.26 18-37 8137 29 3485 0610', 'Carrefour', '5c337237bf1593895c221f312870a1000f74334f85cbbeaa6507df6cde6953a9', '14.97', NULL, '14.97', NULL, 'accepted', '[{\"raw\":\"14.97\",\"value\":14.9700000000000006394884621840901672840118408203125,\"score100\":71},{\"raw\":\"16.01\",\"value\":16.010000000000001563194018672220408916473388671875,\"score100\":71},{\"raw\":\"-37 813\",\"value\":-37813,\"score100\":71},{\"raw\":\"29 348\",\"value\":29348,\"score100\":71},{\"raw\":\"5 061\",\"value\":5061,\"score100\":67}]', '{\"via\":\"confirm_button\"}', '2026-01-17 18:37:28'),
(12, 7, '7f02e0e9032fcc45bbad7fffaa2c520755b902cf88cff62bb4bb53d65a812e27', '2400 0° Me S PE ä : ; eu,\nsem RP = me fe,\nme “ pd 5 &lt;a Ma\nrar agp + a a PE , 0\nue Cie ee 15 a. * Se\n …. , 200 ..- x 22\n. 6. . 1 .\n— ? ee Be A\nk _ , »\nE à ti\nee\na mouILF\nAdresse de retour en cas de non distribution :\nZI Ouest - Rue Ettore Bugatti\nNe pas écrire à cette adresse\nus ue .\na. 1 , 8 1 ve', '2400 0° Me S PE ä : ; eu,', 'f86bca2c27c9a913549505804aec9deb073888a41d0d2af891be7a2054043929', '240.00', NULL, '240.00', NULL, 'accepted', '[{\"raw\":\"240\",\"value\":240,\"score100\":11},{\"raw\":\"200\",\"value\":200,\"score100\":11},{\"raw\":\"15\",\"value\":15,\"score100\":6},{\"raw\":\"22\",\"value\":22,\"score100\":6},{\"raw\":\"5\",\"value\":5,\"score100\":4}]', '{\"via\":\"confirm_button\"}', '2026-01-25 08:40:22'),
(13, 7, '2f0128bb88115ff35e39d12d7ef190ca13454a9e0b25a56e52848f972ea1c100', 'cod = [\nAUX MILLES SAVEURS\nM3 BD WINSTON CHURCHILL\n72100 LE MANS ;\nTICKET DE VENTE = à ’\nV-T } @PSRN\nDATE 08/10/2025 - 18:35) n° 172541\n1 TL. ; x ji\nArétcte / Ote 15-Pri/ dontant |\nnerveux de GIte 4 ; {\n5,5% 1,842 kg&#039;0 14,80 = 28,94 1/1\no…———— 2 M\nDAT. “un .\nIOnarn9 2UNA2 1sige% a Cu à\ni EN | ;\nEn espèce: æ va\nÀ rendre: $ à\nTVA inclus au taux indie * KM à\n4\nLee ve 1\nki w\nSosog co RS KaeV | | I, ;\nee\nSionature:_nilit® ee 1 1, 18\n© &#039;sérieY2pndtee TT 1 0\ny _;r,.,', 'cod = [', '5bb7a57c5b16977416336e1919959e81ec081ec5d21c49b31a5fd7c2f62087f3', '28.94', NULL, '28.94', NULL, 'accepted', '[{\"raw\":\"28,94\",\"value\":28.940000000000001278976924368180334568023681640625,\"score100\":22},{\"raw\":\"14,80\",\"value\":14.800000000000000710542735760100185871124267578125,\"score100\":21},{\"raw\":\"981\",\"value\":981,\"score100\":14},{\"raw\":\"721\",\"value\":721,\"score100\":13},{\"raw\":\"541\",\"value\":541,\"score100\":13}]', '{\"via\":\"confirm_button\"}', '2026-01-25 11:24:21'),
(14, 7, '846fc80a4eb21c2ded7d5b66972816e02572ea85568e74aa3341831d397824bf', '21:42 a\n‘ +\nCN Q couscoussier (e)\ndu produit.\nSponsorisé\nVENTION Couscoussier Induction\n2L, Petit Cuiseur Vapeur 18 cm,\nCuit Vapeur Inox\n; LA 4,3 A#k ki (803)\nN …— Plus de 50 achetés au cours du mois\n| | dernier\n; | 3298 €\nLivraison GRATUITE lun. 3 nov. dès\n35 € d&#039;achats expédiés par Amazon\nOu livraison accélérée dim. 2 nov.\nEX Ajouter au panier\nSponsorisé\nVEVOR Cuiseur Vapeur à 3 Étages\ns- 53 28 cm Cuit Vapeur avec 1\n2 == ; ;\n= 224 » Marmite de 8 L 1 Panier 2...\nK À ', '21:42 a', 'f947922f7cef10128c83751df027fb42cf00198cbaeea06a58dbd676499caa9f', '803.00', NULL, '803.00', NULL, 'accepted', '[{\"raw\":\"803\",\"value\":803,\"score100\":13},{\"raw\":\"329\",\"value\":329,\"score100\":12},{\"raw\":\"459\",\"value\":459,\"score100\":12},{\"raw\":\"224\",\"value\":224,\"score100\":11},{\"raw\":\"190\",\"value\":190,\"score100\":11}]', '{\"via\":\"confirm_button\"}', '2026-01-25 11:32:30'),
(15, 7, 'b2fac7e25f036071ea9458bfae780fbf2b27a4abe9a344e6ac36c4d8cf0f1f2a', '11:45 u5GW)\n4 369,01 EUR\nDont plus-values estimées : + 11,72 EUR\nestimation au 16/07/2025\nMon épargne Ajouter d&#039;autres comptes\nÉpargne\n4 369,01 EUR\nDont plus-values estimées + 11,72 EUR\nÉpargne nette estimée © 4 366,99 EUR\nPlan d&#039;épargne groupe Plan d&#039;épargne retraite\nÉvolution de mon épargne\n&gt;\n5000\n2500\n0\nSEPT. JANV. MAI\nil\nÉpargne\n- - --z—_—_—_— EE', '11:45 u5GW)', 'f187ed06a76a73f4decbb6f4a7d514c0d1ed9a30e40f8506d191580e4f189687', '4369.01', NULL, '4369.01', NULL, 'accepted', '[{\"raw\":\"4 369,01\",\"value\":4369.010000000000218278728425502777099609375,\"score100\":32},{\"raw\":\"4 369,01\",\"value\":4369.010000000000218278728425502777099609375,\"score100\":32},{\"raw\":\"4 366,99\",\"value\":4366.989999999999781721271574497222900390625,\"score100\":32},{\"raw\":\"11,72\",\"value\":11.7200000000000006394884621840901672840118408203125,\"score100\":20},{\"raw\":\"11,72\",\"value\":11.7200000000000006394884621840901672840118408203125,\"score100\":20}]', '{\"via\":\"confirm_button\"}', '2026-01-25 11:37:55'),
(16, 7, '01daf43706d0f07d70c2e83ca63c0bcf955e676b0cea9001f7b84aad64cbe67a', '= 3 | ‘\nAUX MILLES SAVEURS\n63 BD WINSTON CHURCHILL\n72100 LE MANS | ;\nTICKET DE VENTE _ ;‘\n| afRN\nDIE O9A0/8E 16:35 14 st\ndar Ge ;\nArticle Qté TP©Prix/ Hontant 1!\nnerveux de GIte Fe 1 F\n5,5% 1,942 kg} 14,80 = = 28,94 10! (Lai\nm——— I À\nMATE da auaziid$ 8\nJONdn4 2KHA2 1sia8 ë EU (8\nAl\nEn espèce: æ 18\nk rendre: 8 0\nTVA inclus au taux indie + ‘ 1080 LA\nTau otalH! | Na J } a\nui A 2 ;\nSignature:-ri ie\n| Né Série ENS 000\n-, males ue v\n1) ven 0 &quot;6. |.\n| MERCI ET. À à EN\n| ie ??', '= 3 | ‘', '5bb7a57c5b16977416336e1919959e81ec081ec5d21c49b31a5fd7c2f62087f3', '28.94', NULL, '28.94', NULL, 'accepted', '[{\"raw\":\"28,94\",\"value\":28.940000000000001278976924368180334568023681640625,\"score100\":22},{\"raw\":\"14,80\",\"value\":14.800000000000000710542735760100185871124267578125,\"score100\":21},{\"raw\":\"721\",\"value\":721,\"score100\":13},{\"raw\":\"108\",\"value\":108,\"score100\":9},{\"raw\":\"63\",\"value\":63,\"score100\":8}]', '{\"via\":\"confirm_button\"}', '2026-01-25 13:09:56'),
(17, 7, '2f0128bb88115ff35e39d12d7ef190ca13454a9e0b25a56e52848f972ea1c100', 'cod = [\nAUX MILLES SAVEURS\nM3 BD WINSTON CHURCHILL\n72100 LE MANS ;\nTICKET DE VENTE = à ’\nV-T } @PSRN\nDATE 08/10/2025 - 18:35) n° 172541\n1 TL. ; x ji\nArétcte / Ote 15-Pri/ dontant |\nnerveux de GIte 4 ; {\n5,5% 1,842 kg&#039;0 14,80 = 28,94 1/1\no…———— 2 M\nDAT. “un .\nIOnarn9 2UNA2 1sige% a Cu à\ni EN | ;\nEn espèce: æ va\nÀ rendre: $ à\nTVA inclus au taux indie * KM à\n4\nLee ve 1\nki w\nSosog co RS KaeV | | I, ;\nee\nSionature:_nilit® ee 1 1, 18\n© &#039;sérieY2pndtee TT 1 0\ny _;r,.,', 'cod = [', '5bb7a57c5b16977416336e1919959e81ec081ec5d21c49b31a5fd7c2f62087f3', '28.94', NULL, '28.94', NULL, 'accepted', '[{\"raw\":\"28,94\",\"value\":28.940000000000001278976924368180334568023681640625,\"score100\":22},{\"raw\":\"14,80\",\"value\":14.800000000000000710542735760100185871124267578125,\"score100\":21},{\"raw\":\"981\",\"value\":981,\"score100\":14},{\"raw\":\"721\",\"value\":721,\"score100\":13},{\"raw\":\"541\",\"value\":541,\"score100\":13}]', '{\"via\":\"confirm_button\"}', '2026-01-25 13:10:46'),
(18, 7, '01daf43706d0f07d70c2e83ca63c0bcf955e676b0cea9001f7b84aad64cbe67a', '= 3 | ‘\nAUX MILLES SAVEURS\n63 BD WINSTON CHURCHILL\n72100 LE MANS | ;\nTICKET DE VENTE _ ;‘\n| afRN\nDIE O9A0/8E 16:35 14 st\ndar Ge ;\nArticle Qté TP©Prix/ Hontant 1!\nnerveux de GIte Fe 1 F\n5,5% 1,942 kg} 14,80 = = 28,94 10! (Lai\nm——— I À\nMATE da auaziid$ 8\nJONdn4 2KHA2 1sia8 ë EU (8\nAl\nEn espèce: æ 18\nk rendre: 8 0\nTVA inclus au taux indie + ‘ 1080 LA\nTau otalH! | Na J } a\nui A 2 ;\nSignature:-ri ie\n| Né Série ENS 000\n-, males ue v\n1) ven 0 &quot;6. |.\n| MERCI ET. À à EN\n| ie ??', '= 3 | ‘', '5bb7a57c5b16977416336e1919959e81ec081ec5d21c49b31a5fd7c2f62087f3', '28.94', NULL, '28.94', NULL, 'accepted', '[{\"raw\":\"28,94\",\"value\":28.940000000000001278976924368180334568023681640625,\"score100\":22},{\"raw\":\"14,80\",\"value\":14.800000000000000710542735760100185871124267578125,\"score100\":21},{\"raw\":\"721\",\"value\":721,\"score100\":13},{\"raw\":\"108\",\"value\":108,\"score100\":9},{\"raw\":\"63\",\"value\":63,\"score100\":8}]', '{\"via\":\"confirm_button\"}', '2026-01-25 13:23:45'),
(19, 7, '2f0128bb88115ff35e39d12d7ef190ca13454a9e0b25a56e52848f972ea1c100', 'cod = [\nAUX MILLES SAVEURS\nM3 BD WINSTON CHURCHILL\n72100 LE MANS ;\nTICKET DE VENTE = à ’\nV-T } @PSRN\nDATE 08/10/2025 - 18:35) n° 172541\n1 TL. ; x ji\nArétcte / Ote 15-Pri/ dontant |\nnerveux de GIte 4 ; {\n5,5% 1,842 kg&#039;0 14,80 = 28,94 1/1\no…———— 2 M\nDAT. “un .\nIOnarn9 2UNA2 1sige% a Cu à\ni EN | ;\nEn espèce: æ va\nÀ rendre: $ à\nTVA inclus au taux indie * KM à\n4\nLee ve 1\nki w\nSosog co RS KaeV | | I, ;\nee\nSionature:_nilit® ee 1 1, 18\n© &#039;sérieY2pndtee TT 1 0\ny _;r,.,', 'cod = [', '5bb7a57c5b16977416336e1919959e81ec081ec5d21c49b31a5fd7c2f62087f3', '28.94', NULL, '28.94', NULL, 'accepted', '[{\"raw\":\"28,94\",\"value\":28.940000000000001278976924368180334568023681640625,\"score100\":22},{\"raw\":\"14,80\",\"value\":14.800000000000000710542735760100185871124267578125,\"score100\":21},{\"raw\":\"981\",\"value\":981,\"score100\":14},{\"raw\":\"721\",\"value\":721,\"score100\":13},{\"raw\":\"541\",\"value\":541,\"score100\":13}]', '{\"via\":\"confirm_button\"}', '2026-01-25 13:24:33'),
(20, 7, '2f0128bb88115ff35e39d12d7ef190ca13454a9e0b25a56e52848f972ea1c100', 'cod = [\nAUX MILLES SAVEURS\nM3 BD WINSTON CHURCHILL\n72100 LE MANS ;\nTICKET DE VENTE = à ’\nV-T } @PSRN\nDATE 08/10/2025 - 18:35) n° 172541\n1 TL. ; x ji\nArétcte / Ote 15-Pri/ dontant |\nnerveux de GIte 4 ; {\n5,5% 1,842 kg&#039;0 14,80 = 28,94 1/1\no…———— 2 M\nDAT. “un .\nIOnarn9 2UNA2 1sige% a Cu à\ni EN | ;\nEn espèce: æ va\nÀ rendre: $ à\nTVA inclus au taux indie * KM à\n4\nLee ve 1\nki w\nSosog co RS KaeV | | I, ;\nee\nSionature:_nilit® ee 1 1, 18\n© &#039;sérieY2pndtee TT 1 0\ny _;r,.,', 'cod = [', '5bb7a57c5b16977416336e1919959e81ec081ec5d21c49b31a5fd7c2f62087f3', '28.94', NULL, '28.94', NULL, 'accepted', '[{\"raw\":\"28,94\",\"value\":28.940000000000001278976924368180334568023681640625,\"score100\":22},{\"raw\":\"14,80\",\"value\":14.800000000000000710542735760100185871124267578125,\"score100\":21},{\"raw\":\"981\",\"value\":981,\"score100\":14},{\"raw\":\"721\",\"value\":721,\"score100\":13},{\"raw\":\"541\",\"value\":541,\"score100\":13}]', '{\"via\":\"confirm_button\"}', '2026-01-25 13:26:44'),
(21, 7, '01daf43706d0f07d70c2e83ca63c0bcf955e676b0cea9001f7b84aad64cbe67a', '= 3 | ‘\nAUX MILLES SAVEURS\n63 BD WINSTON CHURCHILL\n72100 LE MANS | ;\nTICKET DE VENTE _ ;‘\n| afRN\nDIE O9A0/8E 16:35 14 st\ndar Ge ;\nArticle Qté TP©Prix/ Hontant 1!\nnerveux de GIte Fe 1 F\n5,5% 1,942 kg} 14,80 = = 28,94 10! (Lai\nm——— I À\nMATE da auaziid$ 8\nJONdn4 2KHA2 1sia8 ë EU (8\nAl\nEn espèce: æ 18\nk rendre: 8 0\nTVA inclus au taux indie + ‘ 1080 LA\nTau otalH! | Na J } a\nui A 2 ;\nSignature:-ri ie\n| Né Série ENS 000\n-, males ue v\n1) ven 0 &quot;6. |.\n| MERCI ET. À à EN\n| ie ??', '= 3 | ‘', '5bb7a57c5b16977416336e1919959e81ec081ec5d21c49b31a5fd7c2f62087f3', '28.94', NULL, '28.94', NULL, 'accepted', '[{\"raw\":\"28,94\",\"value\":28.940000000000001278976924368180334568023681640625,\"score100\":22},{\"raw\":\"14,80\",\"value\":14.800000000000000710542735760100185871124267578125,\"score100\":21},{\"raw\":\"721\",\"value\":721,\"score100\":13},{\"raw\":\"108\",\"value\":108,\"score100\":9},{\"raw\":\"63\",\"value\":63,\"score100\":8}]', '{\"via\":\"confirm_button\"}', '2026-01-25 13:29:07'),
(22, 7, '01daf43706d0f07d70c2e83ca63c0bcf955e676b0cea9001f7b84aad64cbe67a', '= 3 | ‘\nAUX MILLES SAVEURS\n63 BD WINSTON CHURCHILL\n72100 LE MANS | ;\nTICKET DE VENTE _ ;‘\n| afRN\nDIE O9A0/8E 16:35 14 st\ndar Ge ;\nArticle Qté TP©Prix/ Hontant 1!\nnerveux de GIte Fe 1 F\n5,5% 1,942 kg} 14,80 = = 28,94 10! (Lai\nm——— I À\nMATE da auaziid$ 8\nJONdn4 2KHA2 1sia8 ë EU (8\nAl\nEn espèce: æ 18\nk rendre: 8 0\nTVA inclus au taux indie + ‘ 1080 LA\nTau otalH! | Na J } a\nui A 2 ;\nSignature:-ri ie\n| Né Série ENS 000\n-, males ue v\n1) ven 0 &quot;6. |.\n| MERCI ET. À à EN\n| ie ??', '= 3 | ‘', '5bb7a57c5b16977416336e1919959e81ec081ec5d21c49b31a5fd7c2f62087f3', '28.94', NULL, '28.94', NULL, 'accepted', '[{\"raw\":\"28,94\",\"value\":28.940000000000001278976924368180334568023681640625,\"score100\":22},{\"raw\":\"14,80\",\"value\":14.800000000000000710542735760100185871124267578125,\"score100\":21},{\"raw\":\"721\",\"value\":721,\"score100\":13},{\"raw\":\"108\",\"value\":108,\"score100\":9},{\"raw\":\"63\",\"value\":63,\"score100\":8}]', '{\"via\":\"confirm_button\"}', '2026-01-25 14:20:24'),
(23, 7, '01daf43706d0f07d70c2e83ca63c0bcf955e676b0cea9001f7b84aad64cbe67a', '= 3 | ‘\nAUX MILLES SAVEURS\n63 BD WINSTON CHURCHILL\n72100 LE MANS | ;\nTICKET DE VENTE _ ;‘\n| afRN\nDIE O9A0/8E 16:35 14 st\ndar Ge ;\nArticle Qté TP©Prix/ Hontant 1!\nnerveux de GIte Fe 1 F\n5,5% 1,942 kg} 14,80 = = 28,94 10! (Lai\nm——— I À\nMATE da auaziid$ 8\nJONdn4 2KHA2 1sia8 ë EU (8\nAl\nEn espèce: æ 18\nk rendre: 8 0\nTVA inclus au taux indie + ‘ 1080 LA\nTau otalH! | Na J } a\nui A 2 ;\nSignature:-ri ie\n| Né Série ENS 000\n-, males ue v\n1) ven 0 &quot;6. |.\n| MERCI ET. À à EN\n| ie ??', '= 3 | ‘', '5bb7a57c5b16977416336e1919959e81ec081ec5d21c49b31a5fd7c2f62087f3', '28.94', NULL, '28.94', NULL, 'accepted', '[{\"raw\":\"28,94\",\"value\":28.940000000000001278976924368180334568023681640625,\"score100\":22},{\"raw\":\"14,80\",\"value\":14.800000000000000710542735760100185871124267578125,\"score100\":21},{\"raw\":\"721\",\"value\":721,\"score100\":13},{\"raw\":\"108\",\"value\":108,\"score100\":9},{\"raw\":\"63\",\"value\":63,\"score100\":8}]', '{\"via\":\"confirm_button\"}', '2026-01-25 14:23:03'),
(24, 7, '01daf43706d0f07d70c2e83ca63c0bcf955e676b0cea9001f7b84aad64cbe67a', '= 3 | ‘\nAUX MILLES SAVEURS\n63 BD WINSTON CHURCHILL\n72100 LE MANS | ;\nTICKET DE VENTE _ ;‘\n| afRN\nDIE O9A0/8E 16:35 14 st\ndar Ge ;\nArticle Qté TP©Prix/ Hontant 1!\nnerveux de GIte Fe 1 F\n5,5% 1,942 kg} 14,80 = = 28,94 10! (Lai\nm——— I À\nMATE da auaziid$ 8\nJONdn4 2KHA2 1sia8 ë EU (8\nAl\nEn espèce: æ 18\nk rendre: 8 0\nTVA inclus au taux indie + ‘ 1080 LA\nTau otalH! | Na J } a\nui A 2 ;\nSignature:-ri ie\n| Né Série ENS 000\n-, males ue v\n1) ven 0 &quot;6. |.\n| MERCI ET. À à EN\n| ie ??', '= 3 | ‘', '5bb7a57c5b16977416336e1919959e81ec081ec5d21c49b31a5fd7c2f62087f3', '28.94', NULL, '28.94', NULL, 'accepted', '[{\"raw\":\"28,94\",\"value\":28.940000000000001278976924368180334568023681640625,\"score100\":22},{\"raw\":\"14,80\",\"value\":14.800000000000000710542735760100185871124267578125,\"score100\":21},{\"raw\":\"721\",\"value\":721,\"score100\":13},{\"raw\":\"108\",\"value\":108,\"score100\":9},{\"raw\":\"63\",\"value\":63,\"score100\":8}]', '{\"via\":\"confirm_button\"}', '2026-01-25 14:27:37'),
(25, 7, '01daf43706d0f07d70c2e83ca63c0bcf955e676b0cea9001f7b84aad64cbe67a', '= 3 | ‘\nAUX MILLES SAVEURS\n63 BD WINSTON CHURCHILL\n72100 LE MANS | ;\nTICKET DE VENTE _ ;‘\n| afRN\nDIE O9A0/8E 16:35 14 st\ndar Ge ;\nArticle Qté TP©Prix/ Hontant 1!\nnerveux de GIte Fe 1 F\n5,5% 1,942 kg} 14,80 = = 28,94 10! (Lai\nm——— I À\nMATE da auaziid$ 8\nJONdn4 2KHA2 1sia8 ë EU (8\nAl\nEn espèce: æ 18\nk rendre: 8 0\nTVA inclus au taux indie + ‘ 1080 LA\nTau otalH! | Na J } a\nui A 2 ;\nSignature:-ri ie\n| Né Série ENS 000\n-, males ue v\n1) ven 0 &quot;6. |.\n| MERCI ET. À à EN\n| ie ??', '= 3 | ‘', '5bb7a57c5b16977416336e1919959e81ec081ec5d21c49b31a5fd7c2f62087f3', '28.94', NULL, '28.94', NULL, 'accepted', '[{\"raw\":\"28,94\",\"value\":28.940000000000001278976924368180334568023681640625,\"score100\":22},{\"raw\":\"14,80\",\"value\":14.800000000000000710542735760100185871124267578125,\"score100\":21},{\"raw\":\"721\",\"value\":721,\"score100\":13},{\"raw\":\"108\",\"value\":108,\"score100\":9},{\"raw\":\"63\",\"value\":63,\"score100\":8}]', '{\"via\":\"confirm_button\"}', '2026-01-25 14:31:46'),
(26, 7, '01daf43706d0f07d70c2e83ca63c0bcf955e676b0cea9001f7b84aad64cbe67a', '= 3 | ‘\nAUX MILLES SAVEURS\n63 BD WINSTON CHURCHILL\n72100 LE MANS | ;\nTICKET DE VENTE _ ;‘\n| afRN\nDIE O9A0/8E 16:35 14 st\ndar Ge ;\nArticle Qté TP©Prix/ Hontant 1!\nnerveux de GIte Fe 1 F\n5,5% 1,942 kg} 14,80 = = 28,94 10! (Lai\nm——— I À\nMATE da auaziid$ 8\nJONdn4 2KHA2 1sia8 ë EU (8\nAl\nEn espèce: æ 18\nk rendre: 8 0\nTVA inclus au taux indie + ‘ 1080 LA\nTau otalH! | Na J } a\nui A 2 ;\nSignature:-ri ie\n| Né Série ENS 000\n-, males ue v\n1) ven 0 &quot;6. |.\n| MERCI ET. À à EN\n| ie ??', '= 3 | ‘', '5bb7a57c5b16977416336e1919959e81ec081ec5d21c49b31a5fd7c2f62087f3', '28.94', NULL, '28.94', NULL, 'accepted', '[{\"raw\":\"28,94\",\"value\":28.940000000000001278976924368180334568023681640625,\"score100\":22},{\"raw\":\"14,80\",\"value\":14.800000000000000710542735760100185871124267578125,\"score100\":21},{\"raw\":\"721\",\"value\":721,\"score100\":13},{\"raw\":\"108\",\"value\":108,\"score100\":9},{\"raw\":\"63\",\"value\":63,\"score100\":8}]', '{\"via\":\"confirm_button\"}', '2026-01-25 14:32:52'),
(27, 7, '01daf43706d0f07d70c2e83ca63c0bcf955e676b0cea9001f7b84aad64cbe67a', '= 3 | ‘\nAUX MILLES SAVEURS\n63 BD WINSTON CHURCHILL\n72100 LE MANS | ;\nTICKET DE VENTE _ ;‘\n| afRN\nDIE O9A0/8E 16:35 14 st\ndar Ge ;\nArticle Qté TP©Prix/ Hontant 1!\nnerveux de GIte Fe 1 F\n5,5% 1,942 kg} 14,80 = = 28,94 10! (Lai\nm——— I À\nMATE da auaziid$ 8\nJONdn4 2KHA2 1sia8 ë EU (8\nAl\nEn espèce: æ 18\nk rendre: 8 0\nTVA inclus au taux indie + ‘ 1080 LA\nTau otalH! | Na J } a\nui A 2 ;\nSignature:-ri ie\n| Né Série ENS 000\n-, males ue v\n1) ven 0 &quot;6. |.\n| MERCI ET. À à EN\n| ie ??', '= 3 | ‘', '5bb7a57c5b16977416336e1919959e81ec081ec5d21c49b31a5fd7c2f62087f3', '28.94', NULL, '28.94', NULL, 'accepted', '[{\"raw\":\"28,94\",\"value\":28.940000000000001278976924368180334568023681640625,\"score100\":22},{\"raw\":\"14,80\",\"value\":14.800000000000000710542735760100185871124267578125,\"score100\":21},{\"raw\":\"721\",\"value\":721,\"score100\":13},{\"raw\":\"108\",\"value\":108,\"score100\":9},{\"raw\":\"63\",\"value\":63,\"score100\":8}]', '{\"via\":\"confirm_button\"}', '2026-01-25 14:33:24'),
(28, 7, '01daf43706d0f07d70c2e83ca63c0bcf955e676b0cea9001f7b84aad64cbe67a', '= 3 | ‘\nAUX MILLES SAVEURS\n63 BD WINSTON CHURCHILL\n72100 LE MANS | ;\nTICKET DE VENTE _ ;‘\n| afRN\nDIE O9A0/8E 16:35 14 st\ndar Ge ;\nArticle Qté TP©Prix/ Hontant 1!\nnerveux de GIte Fe 1 F\n5,5% 1,942 kg} 14,80 = = 28,94 10! (Lai\nm——— I À\nMATE da auaziid$ 8\nJONdn4 2KHA2 1sia8 ë EU (8\nAl\nEn espèce: æ 18\nk rendre: 8 0\nTVA inclus au taux indie + ‘ 1080 LA\nTau otalH! | Na J } a\nui A 2 ;\nSignature:-ri ie\n| Né Série ENS 000\n-, males ue v\n1) ven 0 &quot;6. |.\n| MERCI ET. À à EN\n| ie ??', '= 3 | ‘', '5bb7a57c5b16977416336e1919959e81ec081ec5d21c49b31a5fd7c2f62087f3', '28.94', NULL, '28.94', NULL, 'accepted', '[{\"raw\":\"28,94\",\"value\":28.940000000000001278976924368180334568023681640625,\"score100\":22},{\"raw\":\"14,80\",\"value\":14.800000000000000710542735760100185871124267578125,\"score100\":21},{\"raw\":\"721\",\"value\":721,\"score100\":13},{\"raw\":\"108\",\"value\":108,\"score100\":9},{\"raw\":\"63\",\"value\":63,\"score100\":8}]', '{\"via\":\"confirm_button\"}', '2026-01-25 14:53:37'),
(29, 7, '01daf43706d0f07d70c2e83ca63c0bcf955e676b0cea9001f7b84aad64cbe67a', '= 3 | ‘\nAUX MILLES SAVEURS\n63 BD WINSTON CHURCHILL\n72100 LE MANS | ;\nTICKET DE VENTE _ ;‘\n| afRN\nDIE O9A0/8E 16:35 14 st\ndar Ge ;\nArticle Qté TP©Prix/ Hontant 1!\nnerveux de GIte Fe 1 F\n5,5% 1,942 kg} 14,80 = = 28,94 10! (Lai\nm——— I À\nMATE da auaziid$ 8\nJONdn4 2KHA2 1sia8 ë EU (8\nAl\nEn espèce: æ 18\nk rendre: 8 0\nTVA inclus au taux indie + ‘ 1080 LA\nTau otalH! | Na J } a\nui A 2 ;\nSignature:-ri ie\n| Né Série ENS 000\n-, males ue v\n1) ven 0 &quot;6. |.\n| MERCI ET. À à EN\n| ie ??', '= 3 | ‘', '5bb7a57c5b16977416336e1919959e81ec081ec5d21c49b31a5fd7c2f62087f3', '28.94', NULL, '28.94', NULL, 'accepted', '[{\"raw\":\"28,94\",\"value\":28.940000000000001278976924368180334568023681640625,\"score100\":22},{\"raw\":\"14,80\",\"value\":14.800000000000000710542735760100185871124267578125,\"score100\":21},{\"raw\":\"721\",\"value\":721,\"score100\":13},{\"raw\":\"108\",\"value\":108,\"score100\":9},{\"raw\":\"63\",\"value\":63,\"score100\":8}]', '{\"via\":\"confirm_button\"}', '2026-01-25 15:03:10'),
(30, 7, '01daf43706d0f07d70c2e83ca63c0bcf955e676b0cea9001f7b84aad64cbe67a', '= 3 | ‘\nAUX MILLES SAVEURS\n63 BD WINSTON CHURCHILL\n72100 LE MANS | ;\nTICKET DE VENTE _ ;‘\n| afRN\nDIE O9A0/8E 16:35 14 st\ndar Ge ;\nArticle Qté TP©Prix/ Hontant 1!\nnerveux de GIte Fe 1 F\n5,5% 1,942 kg} 14,80 = = 28,94 10! (Lai\nm——— I À\nMATE da auaziid$ 8\nJONdn4 2KHA2 1sia8 ë EU (8\nAl\nEn espèce: æ 18\nk rendre: 8 0\nTVA inclus au taux indie + ‘ 1080 LA\nTau otalH! | Na J } a\nui A 2 ;\nSignature:-ri ie\n| Né Série ENS 000\n-, males ue v\n1) ven 0 &quot;6. |.\n| MERCI ET. À à EN\n| ie ??', '= 3 | ‘', '5bb7a57c5b16977416336e1919959e81ec081ec5d21c49b31a5fd7c2f62087f3', '28.94', NULL, '28.94', NULL, 'accepted', '[{\"raw\":\"28,94\",\"value\":28.940000000000001278976924368180334568023681640625,\"score100\":22},{\"raw\":\"14,80\",\"value\":14.800000000000000710542735760100185871124267578125,\"score100\":21},{\"raw\":\"721\",\"value\":721,\"score100\":13},{\"raw\":\"108\",\"value\":108,\"score100\":9},{\"raw\":\"63\",\"value\":63,\"score100\":8}]', '{\"via\":\"confirm_button\"}', '2026-01-25 15:56:09'),
(31, 7, '01daf43706d0f07d70c2e83ca63c0bcf955e676b0cea9001f7b84aad64cbe67a', '= 3 | ‘\nAUX MILLES SAVEURS\n63 BD WINSTON CHURCHILL\n72100 LE MANS | ;\nTICKET DE VENTE _ ;‘\n| afRN\nDIE O9A0/8E 16:35 14 st\ndar Ge ;\nArticle Qté TP©Prix/ Hontant 1!\nnerveux de GIte Fe 1 F\n5,5% 1,942 kg} 14,80 = = 28,94 10! (Lai\nm——— I À\nMATE da auaziid$ 8\nJONdn4 2KHA2 1sia8 ë EU (8\nAl\nEn espèce: æ 18\nk rendre: 8 0\nTVA inclus au taux indie + ‘ 1080 LA\nTau otalH! | Na J } a\nui A 2 ;\nSignature:-ri ie\n| Né Série ENS 000\n-, males ue v\n1) ven 0 &quot;6. |.\n| MERCI ET. À à EN\n| ie ??', '= 3 | ‘', '5bb7a57c5b16977416336e1919959e81ec081ec5d21c49b31a5fd7c2f62087f3', '28.94', NULL, '28.94', NULL, 'accepted', '[{\"raw\":\"28,94\",\"value\":28.940000000000001278976924368180334568023681640625,\"score100\":22},{\"raw\":\"14,80\",\"value\":14.800000000000000710542735760100185871124267578125,\"score100\":21},{\"raw\":\"721\",\"value\":721,\"score100\":13},{\"raw\":\"108\",\"value\":108,\"score100\":9},{\"raw\":\"63\",\"value\":63,\"score100\":8}]', '{\"via\":\"confirm_button\"}', '2026-01-25 15:59:38'),
(32, 7, '01daf43706d0f07d70c2e83ca63c0bcf955e676b0cea9001f7b84aad64cbe67a', '= 3 | ‘\nAUX MILLES SAVEURS\n63 BD WINSTON CHURCHILL\n72100 LE MANS | ;\nTICKET DE VENTE _ ;‘\n| afRN\nDIE O9A0/8E 16:35 14 st\ndar Ge ;\nArticle Qté TP©Prix/ Hontant 1!\nnerveux de GIte Fe 1 F\n5,5% 1,942 kg} 14,80 = = 28,94 10! (Lai\nm——— I À\nMATE da auaziid$ 8\nJONdn4 2KHA2 1sia8 ë EU (8\nAl\nEn espèce: æ 18\nk rendre: 8 0\nTVA inclus au taux indie + ‘ 1080 LA\nTau otalH! | Na J } a\nui A 2 ;\nSignature:-ri ie\n| Né Série ENS 000\n-, males ue v\n1) ven 0 &quot;6. |.\n| MERCI ET. À à EN\n| ie ??', '= 3 | ‘', '5bb7a57c5b16977416336e1919959e81ec081ec5d21c49b31a5fd7c2f62087f3', '28.94', NULL, '28.94', NULL, 'accepted', '[{\"raw\":\"28,94\",\"value\":28.940000000000001278976924368180334568023681640625,\"score100\":22},{\"raw\":\"14,80\",\"value\":14.800000000000000710542735760100185871124267578125,\"score100\":21},{\"raw\":\"721\",\"value\":721,\"score100\":13},{\"raw\":\"108\",\"value\":108,\"score100\":9},{\"raw\":\"63\",\"value\":63,\"score100\":8}]', '{\"via\":\"confirm_button\"}', '2026-01-25 16:03:10'),
(33, 7, '2f0128bb88115ff35e39d12d7ef190ca13454a9e0b25a56e52848f972ea1c100', 'cod = [\nAUX MILLES SAVEURS\nM3 BD WINSTON CHURCHILL\n72100 LE MANS ;\nTICKET DE VENTE = à ’\nV-T } @PSRN\nDATE 08/10/2025 - 18:35) n° 172541\n1 TL. ; x ji\nArétcte / Ote 15-Pri/ dontant |\nnerveux de GIte 4 ; {\n5,5% 1,842 kg&#039;0 14,80 = 28,94 1/1\no…———— 2 M\nDAT. “un .\nIOnarn9 2UNA2 1sige% a Cu à\ni EN | ;\nEn espèce: æ va\nÀ rendre: $ à\nTVA inclus au taux indie * KM à\n4\nLee ve 1\nki w\nSosog co RS KaeV | | I, ;\nee\nSionature:_nilit® ee 1 1, 18\n© &#039;sérieY2pndtee TT 1 0\ny _;r,.,', 'cod = [', '5bb7a57c5b16977416336e1919959e81ec081ec5d21c49b31a5fd7c2f62087f3', '28.94', NULL, '28.94', NULL, 'accepted', '[{\"raw\":\"28,94\",\"value\":28.940000000000001278976924368180334568023681640625,\"score100\":22},{\"raw\":\"14,80\",\"value\":14.800000000000000710542735760100185871124267578125,\"score100\":21},{\"raw\":\"981\",\"value\":981,\"score100\":14},{\"raw\":\"721\",\"value\":721,\"score100\":13},{\"raw\":\"541\",\"value\":541,\"score100\":13}]', '{\"via\":\"confirm_button\"}', '2026-01-25 16:04:53'),
(34, 7, '2f0128bb88115ff35e39d12d7ef190ca13454a9e0b25a56e52848f972ea1c100', 'cod = [\nAUX MILLES SAVEURS\nM3 BD WINSTON CHURCHILL\n72100 LE MANS ;\nTICKET DE VENTE = à ’\nV-T } @PSRN\nDATE 08/10/2025 - 18:35) n° 172541\n1 TL. ; x ji\nArétcte / Ote 15-Pri/ dontant |\nnerveux de GIte 4 ; {\n5,5% 1,842 kg&#039;0 14,80 = 28,94 1/1\no…———— 2 M\nDAT. “un .\nIOnarn9 2UNA2 1sige% a Cu à\ni EN | ;\nEn espèce: æ va\nÀ rendre: $ à\nTVA inclus au taux indie * KM à\n4\nLee ve 1\nki w\nSosog co RS KaeV | | I, ;\nee\nSionature:_nilit® ee 1 1, 18\n© &#039;sérieY2pndtee TT 1 0\ny _;r,.,', 'cod = [', '5bb7a57c5b16977416336e1919959e81ec081ec5d21c49b31a5fd7c2f62087f3', '28.94', NULL, '28.94', NULL, 'accepted', '[{\"raw\":\"28,94\",\"value\":28.940000000000001278976924368180334568023681640625,\"score100\":22},{\"raw\":\"14,80\",\"value\":14.800000000000000710542735760100185871124267578125,\"score100\":21},{\"raw\":\"981\",\"value\":981,\"score100\":14},{\"raw\":\"721\",\"value\":721,\"score100\":13},{\"raw\":\"541\",\"value\":541,\"score100\":13}]', '{\"via\":\"confirm_button\"}', '2026-01-25 16:10:46'),
(35, 7, '2f0128bb88115ff35e39d12d7ef190ca13454a9e0b25a56e52848f972ea1c100', 'cod = [\nAUX MILLES SAVEURS\nM3 BD WINSTON CHURCHILL\n72100 LE MANS ;\nTICKET DE VENTE = à ’\nV-T } @PSRN\nDATE 08/10/2025 - 18:35) n° 172541\n1 TL. ; x ji\nArétcte / Ote 15-Pri/ dontant |\nnerveux de GIte 4 ; {\n5,5% 1,842 kg&#039;0 14,80 = 28,94 1/1\no…———— 2 M\nDAT. “un .\nIOnarn9 2UNA2 1sige% a Cu à\ni EN | ;\nEn espèce: æ va\nÀ rendre: $ à\nTVA inclus au taux indie * KM à\n4\nLee ve 1\nki w\nSosog co RS KaeV | | I, ;\nee\nSionature:_nilit® ee 1 1, 18\n© &#039;sérieY2pndtee TT 1 0\ny _;r,.,', 'cod = [', '5bb7a57c5b16977416336e1919959e81ec081ec5d21c49b31a5fd7c2f62087f3', '28.94', NULL, '28.94', NULL, 'accepted', '[{\"raw\":\"28,94\",\"value\":28.940000000000001278976924368180334568023681640625,\"score100\":22},{\"raw\":\"14,80\",\"value\":14.800000000000000710542735760100185871124267578125,\"score100\":21},{\"raw\":\"981\",\"value\":981,\"score100\":14},{\"raw\":\"721\",\"value\":721,\"score100\":13},{\"raw\":\"541\",\"value\":541,\"score100\":13}]', '{\"via\":\"confirm_button\"}', '2026-01-25 16:13:17'),
(36, 7, '2f0128bb88115ff35e39d12d7ef190ca13454a9e0b25a56e52848f972ea1c100', 'cod = [\nAUX MILLES SAVEURS\nM3 BD WINSTON CHURCHILL\n72100 LE MANS ;\nTICKET DE VENTE = à ’\nV-T } @PSRN\nDATE 08/10/2025 - 18:35) n° 172541\n1 TL. ; x ji\nArétcte / Ote 15-Pri/ dontant |\nnerveux de GIte 4 ; {\n5,5% 1,842 kg&#039;0 14,80 = 28,94 1/1\no…———— 2 M\nDAT. “un .\nIOnarn9 2UNA2 1sige% a Cu à\ni EN | ;\nEn espèce: æ va\nÀ rendre: $ à\nTVA inclus au taux indie * KM à\n4\nLee ve 1\nki w\nSosog co RS KaeV | | I, ;\nee\nSionature:_nilit® ee 1 1, 18\n© &#039;sérieY2pndtee TT 1 0\ny _;r,.,', 'cod = [', '5bb7a57c5b16977416336e1919959e81ec081ec5d21c49b31a5fd7c2f62087f3', '28.94', NULL, '28.94', NULL, 'accepted', '[{\"raw\":\"28,94\",\"value\":28.940000000000001278976924368180334568023681640625,\"score100\":22},{\"raw\":\"14,80\",\"value\":14.800000000000000710542735760100185871124267578125,\"score100\":21},{\"raw\":\"981\",\"value\":981,\"score100\":14},{\"raw\":\"721\",\"value\":721,\"score100\":13},{\"raw\":\"541\",\"value\":541,\"score100\":13}]', '{\"via\":\"confirm_button\"}', '2026-01-25 16:15:28'),
(37, 7, '2f0128bb88115ff35e39d12d7ef190ca13454a9e0b25a56e52848f972ea1c100', 'cod = [\nAUX MILLES SAVEURS\nM3 BD WINSTON CHURCHILL\n72100 LE MANS ;\nTICKET DE VENTE = à ’\nV-T } @PSRN\nDATE 08/10/2025 - 18:35) n° 172541\n1 TL. ; x ji\nArétcte / Ote 15-Pri/ dontant |\nnerveux de GIte 4 ; {\n5,5% 1,842 kg&#039;0 14,80 = 28,94 1/1\no…———— 2 M\nDAT. “un .\nIOnarn9 2UNA2 1sige% a Cu à\ni EN | ;\nEn espèce: æ va\nÀ rendre: $ à\nTVA inclus au taux indie * KM à\n4\nLee ve 1\nki w\nSosog co RS KaeV | | I, ;\nee\nSionature:_nilit® ee 1 1, 18\n© &#039;sérieY2pndtee TT 1 0\ny _;r,.,', 'cod = [', '5bb7a57c5b16977416336e1919959e81ec081ec5d21c49b31a5fd7c2f62087f3', '28.94', NULL, '28.94', NULL, 'accepted', '[{\"raw\":\"28,94\",\"value\":28.940000000000001278976924368180334568023681640625,\"score100\":22},{\"raw\":\"14,80\",\"value\":14.800000000000000710542735760100185871124267578125,\"score100\":21},{\"raw\":\"981\",\"value\":981,\"score100\":14},{\"raw\":\"721\",\"value\":721,\"score100\":13},{\"raw\":\"541\",\"value\":541,\"score100\":13}]', '{\"via\":\"confirm_button\"}', '2026-01-25 16:15:47'),
(38, 7, '2f0128bb88115ff35e39d12d7ef190ca13454a9e0b25a56e52848f972ea1c100', 'cod = [\nAUX MILLES SAVEURS\nM3 BD WINSTON CHURCHILL\n72100 LE MANS ;\nTICKET DE VENTE = à ’\nV-T } @PSRN\nDATE 08/10/2025 - 18:35) n° 172541\n1 TL. ; x ji\nArétcte / Ote 15-Pri/ dontant |\nnerveux de GIte 4 ; {\n5,5% 1,842 kg&#039;0 14,80 = 28,94 1/1\no…———— 2 M\nDAT. “un .\nIOnarn9 2UNA2 1sige% a Cu à\ni EN | ;\nEn espèce: æ va\nÀ rendre: $ à\nTVA inclus au taux indie * KM à\n4\nLee ve 1\nki w\nSosog co RS KaeV | | I, ;\nee\nSionature:_nilit® ee 1 1, 18\n© &#039;sérieY2pndtee TT 1 0\ny _;r,.,', 'cod = [', '5bb7a57c5b16977416336e1919959e81ec081ec5d21c49b31a5fd7c2f62087f3', '28.94', NULL, '28.94', NULL, 'accepted', '[{\"raw\":\"28,94\",\"value\":28.940000000000001278976924368180334568023681640625,\"score100\":22},{\"raw\":\"14,80\",\"value\":14.800000000000000710542735760100185871124267578125,\"score100\":21},{\"raw\":\"981\",\"value\":981,\"score100\":14},{\"raw\":\"721\",\"value\":721,\"score100\":13},{\"raw\":\"541\",\"value\":541,\"score100\":13}]', '{\"via\":\"confirm_button\"}', '2026-01-25 16:20:20'),
(39, 7, '2f0128bb88115ff35e39d12d7ef190ca13454a9e0b25a56e52848f972ea1c100', 'cod = [\nAUX MILLES SAVEURS\nM3 BD WINSTON CHURCHILL\n72100 LE MANS ;\nTICKET DE VENTE = à ’\nV-T } @PSRN\nDATE 08/10/2025 - 18:35) n° 172541\n1 TL. ; x ji\nArétcte / Ote 15-Pri/ dontant |\nnerveux de GIte 4 ; {\n5,5% 1,842 kg&#039;0 14,80 = 28,94 1/1\no…———— 2 M\nDAT. “un .\nIOnarn9 2UNA2 1sige% a Cu à\ni EN | ;\nEn espèce: æ va\nÀ rendre: $ à\nTVA inclus au taux indie * KM à\n4\nLee ve 1\nki w\nSosog co RS KaeV | | I, ;\nee\nSionature:_nilit® ee 1 1, 18\n© &#039;sérieY2pndtee TT 1 0\ny _;r,.,', 'cod = [', '5bb7a57c5b16977416336e1919959e81ec081ec5d21c49b31a5fd7c2f62087f3', '28.94', NULL, '28.94', NULL, 'accepted', '[{\"raw\":\"28,94\",\"value\":28.940000000000001278976924368180334568023681640625,\"score100\":22},{\"raw\":\"14,80\",\"value\":14.800000000000000710542735760100185871124267578125,\"score100\":21},{\"raw\":\"981\",\"value\":981,\"score100\":14},{\"raw\":\"721\",\"value\":721,\"score100\":13},{\"raw\":\"541\",\"value\":541,\"score100\":13}]', '{\"via\":\"confirm_button\"}', '2026-01-25 16:25:35'),
(40, 7, '2f0128bb88115ff35e39d12d7ef190ca13454a9e0b25a56e52848f972ea1c100', 'cod = [\nAUX MILLES SAVEURS\nM3 BD WINSTON CHURCHILL\n72100 LE MANS ;\nTICKET DE VENTE = à ’\nV-T } @PSRN\nDATE 08/10/2025 - 18:35) n° 172541\n1 TL. ; x ji\nArétcte / Ote 15-Pri/ dontant |\nnerveux de GIte 4 ; {\n5,5% 1,842 kg&#039;0 14,80 = 28,94 1/1\no…———— 2 M\nDAT. “un .\nIOnarn9 2UNA2 1sige% a Cu à\ni EN | ;\nEn espèce: æ va\nÀ rendre: $ à\nTVA inclus au taux indie * KM à\n4\nLee ve 1\nki w\nSosog co RS KaeV | | I, ;\nee\nSionature:_nilit® ee 1 1, 18\n© &#039;sérieY2pndtee TT 1 0\ny _;r,.,', 'cod = [', '5bb7a57c5b16977416336e1919959e81ec081ec5d21c49b31a5fd7c2f62087f3', '28.94', NULL, '28.94', NULL, 'accepted', '[{\"raw\":\"28,94\",\"value\":28.940000000000001278976924368180334568023681640625,\"score100\":22},{\"raw\":\"14,80\",\"value\":14.800000000000000710542735760100185871124267578125,\"score100\":21},{\"raw\":\"981\",\"value\":981,\"score100\":14},{\"raw\":\"721\",\"value\":721,\"score100\":13},{\"raw\":\"541\",\"value\":541,\"score100\":13}]', '{\"via\":\"confirm_button\"}', '2026-01-25 16:28:10'),
(41, 7, '2f0128bb88115ff35e39d12d7ef190ca13454a9e0b25a56e52848f972ea1c100', 'cod = [\nAUX MILLES SAVEURS\nM3 BD WINSTON CHURCHILL\n72100 LE MANS ;\nTICKET DE VENTE = à ’\nV-T } @PSRN\nDATE 08/10/2025 - 18:35) n° 172541\n1 TL. ; x ji\nArétcte / Ote 15-Pri/ dontant |\nnerveux de GIte 4 ; {\n5,5% 1,842 kg&#039;0 14,80 = 28,94 1/1\no…———— 2 M\nDAT. “un .\nIOnarn9 2UNA2 1sige% a Cu à\ni EN | ;\nEn espèce: æ va\nÀ rendre: $ à\nTVA inclus au taux indie * KM à\n4\nLee ve 1\nki w\nSosog co RS KaeV | | I, ;\nee\nSionature:_nilit® ee 1 1, 18\n© &#039;sérieY2pndtee TT 1 0\ny _;r,.,', 'cod = [', '5bb7a57c5b16977416336e1919959e81ec081ec5d21c49b31a5fd7c2f62087f3', '28.94', NULL, '28.94', NULL, 'accepted', '[{\"raw\":\"28,94\",\"value\":28.940000000000001278976924368180334568023681640625,\"score100\":22},{\"raw\":\"14,80\",\"value\":14.800000000000000710542735760100185871124267578125,\"score100\":21},{\"raw\":\"981\",\"value\":981,\"score100\":14},{\"raw\":\"721\",\"value\":721,\"score100\":13},{\"raw\":\"541\",\"value\":541,\"score100\":13}]', '{\"via\":\"confirm_button\"}', '2026-01-25 16:39:56'),
(42, 7, 'c3d39471a92e46a671f780b9f5a34a491378993c21ca97a5f9e105a6424eb487', ': G@æ)\n)\n19:50 ll 4\nVous avez envoyé 426,86 € à Adama Diaw\nBonjour Omar Ndiongue,\nVotre transfert d&#039;argent est arrivé sur le compte Wave Mobile Money de Adama\nDiaw!\nVoici le reçu de la transaction :\nSENDWAVE\nR d A Sendwave SA\n‘eçu de paiement Rue du Commerce 31\nBrussels\nCe reçu ne constitue pas un 1000\njustificatif de livraison de l&#039;argent au Belgique\nétuis Tel.0 800 90 94 13\né www sendwave com\nNuméro de client: SW8087\nEXPÉDITEUR TRANSFERT BÉNÉFICIAIRE INFOS SUR LA BAN', ': G@æ)', '7fa84be951adba6353ad156be44d0e8d01244739196a36b6515d06a661fb2a5b', '428.35', NULL, '428.35', NULL, 'accepted', '[{\"raw\":\"428.35\",\"value\":428.3500000000000227373675443232059478759765625,\"score100\":77},{\"raw\":\"967\",\"value\":967,\"score100\":64},{\"raw\":\"687\",\"value\":687,\"score100\":63},{\"raw\":\"+221\",\"value\":221,\"score100\":61},{\"raw\":\"-260\",\"value\":-260,\"score100\":61}]', '{\"via\":\"confirm_button\"}', '2026-01-26 18:50:45'),
(43, 7, '4aa0f6711a53da83ffc4313c436bffebd73b7e1c48e027acb5ceba2c581353f3', '°\n)\n19:54 ail 4G @)\nVous avez envoyé 609,79 € à Aziz Ndiongue\nBonjour Omar Ndiongue,\nVotre transfert d&#039;argent est arrivé sur le compte Wave Mobile Money de Aziz\nNdiongue !\nVoici le reçu de la transaction :\nSENDWAVE\nfecu de palement Sendwave SA\neçu de paiemen Rue du Commerce 31\nBrussels\nCe reçu ne constitue pas un 1000\njustificatif de livraison de l&#039;argent au Belgique\nbénéficiaire. Tel. 0 800 90 94 13\niciaire. www sendwave com\nNuméro de client: SW8087\nEXPÉDITEUR TRANSFERT B', '19:54 ail 4G @)', '886c92279939895ec32523fb57b2bafd9f03efa9424409eee96c1d9619574b71', '0.00', NULL, '0.00', NULL, 'accepted', '[{\"raw\":\"0.00\",\"value\":0,\"score100\":65},{\"raw\":\"0.00\",\"value\":0,\"score100\":65},{\"raw\":\"997\",\"value\":997,\"score100\":64},{\"raw\":\"611\",\"value\":611,\"score100\":63},{\"raw\":\"400\",\"value\":400,\"score100\":62}]', '{\"via\":\"confirm_button\"}', '2026-01-26 18:56:23'),
(44, 7, '01daf43706d0f07d70c2e83ca63c0bcf955e676b0cea9001f7b84aad64cbe67a', '= 3 | ‘\nAUX MILLES SAVEURS\n63 BD WINSTON CHURCHILL\n72100 LE MANS | ;\nTICKET DE VENTE _ ;‘\n| afRN\nDIE O9A0/8E 16:35 14 st\ndar Ge ;\nArticle Qté TP©Prix/ Hontant 1!\nnerveux de GIte Fe 1 F\n5,5% 1,942 kg} 14,80 = = 28,94 10! (Lai\nm——— I À\nMATE da auaziid$ 8\nJONdn4 2KHA2 1sia8 ë EU (8\nAl\nEn espèce: æ 18\nk rendre: 8 0\nTVA inclus au taux indie + ‘ 1080 LA\nTau otalH! | Na J } a\nui A 2 ;\nSignature:-ri ie\n| Né Série ENS 000\n-, males ue v\n1) ven 0 &quot;6. |.\n| MERCI ET. À à EN\n| ie ??', '= 3 | ‘', '5bb7a57c5b16977416336e1919959e81ec081ec5d21c49b31a5fd7c2f62087f3', '28.94', NULL, '28.94', NULL, 'accepted', '[{\"raw\":\"28,94\",\"value\":28.940000000000001278976924368180334568023681640625,\"score100\":22},{\"raw\":\"14,80\",\"value\":14.800000000000000710542735760100185871124267578125,\"score100\":21},{\"raw\":\"721\",\"value\":721,\"score100\":13},{\"raw\":\"108\",\"value\":108,\"score100\":9},{\"raw\":\"63\",\"value\":63,\"score100\":8}]', '{\"via\":\"confirm_button\",\"ocr_source\":\"tesseract\"}', '2026-01-26 20:27:13'),
(45, 7, '4aa0f6711a53da83ffc4313c436bffebd73b7e1c48e027acb5ceba2c581353f3', '°\n)\n19:54 ail 4G @)\nVous avez envoyé 609,79 € à Aziz Ndiongue\nBonjour Omar Ndiongue,\nVotre transfert d&#039;argent est arrivé sur le compte Wave Mobile Money de Aziz\nNdiongue !\nVoici le reçu de la transaction :\nSENDWAVE\nfecu de palement Sendwave SA\neçu de paiemen Rue du Commerce 31\nBrussels\nCe reçu ne constitue pas un 1000\njustificatif de livraison de l&#039;argent au Belgique\nbénéficiaire. Tel. 0 800 90 94 13\niciaire. www sendwave com\nNuméro de client: SW8087\nEXPÉDITEUR TRANSFERT B', '19:54 ail 4G @)', '886c92279939895ec32523fb57b2bafd9f03efa9424409eee96c1d9619574b71', '0.00', NULL, '0.00', NULL, 'accepted', '[{\"raw\":\"0.00\",\"value\":0,\"score100\":65},{\"raw\":\"0.00\",\"value\":0,\"score100\":65},{\"raw\":\"997\",\"value\":997,\"score100\":64},{\"raw\":\"611\",\"value\":611,\"score100\":63},{\"raw\":\"400\",\"value\":400,\"score100\":62}]', '{\"via\":\"confirm_button\",\"ocr_source\":\"tesseract\"}', '2026-01-26 20:30:40'),
(46, 7, '01daf43706d0f07d70c2e83ca63c0bcf955e676b0cea9001f7b84aad64cbe67a', '= 3 | ‘\nAUX MILLES SAVEURS\n63 BD WINSTON CHURCHILL\n72100 LE MANS | ;\nTICKET DE VENTE _ ;‘\n| afRN\nDIE O9A0/8E 16:35 14 st\ndar Ge ;\nArticle Qté TP©Prix/ Hontant 1!\nnerveux de GIte Fe 1 F\n5,5% 1,942 kg} 14,80 = = 28,94 10! (Lai\nm——— I À\nMATE da auaziid$ 8\nJONdn4 2KHA2 1sia8 ë EU (8\nAl\nEn espèce: æ 18\nk rendre: 8 0\nTVA inclus au taux indie + ‘ 1080 LA\nTau otalH! | Na J } a\nui A 2 ;\nSignature:-ri ie\n| Né Série ENS 000\n-, males ue v\n1) ven 0 &quot;6. |.\n| MERCI ET. À à EN\n| ie ??', '= 3 | ‘', '5bb7a57c5b16977416336e1919959e81ec081ec5d21c49b31a5fd7c2f62087f3', '28.94', NULL, '28.94', NULL, 'accepted', '[{\"raw\":\"28,94\",\"value\":28.940000000000001278976924368180334568023681640625,\"score100\":22},{\"raw\":\"14,80\",\"value\":14.800000000000000710542735760100185871124267578125,\"score100\":21},{\"raw\":\"721\",\"value\":721,\"score100\":13},{\"raw\":\"108\",\"value\":108,\"score100\":9},{\"raw\":\"63\",\"value\":63,\"score100\":8}]', '{\"via\":\"confirm_button\",\"ocr_source\":\"tesseract\"}', '2026-01-26 20:33:45'),
(47, 7, '01daf43706d0f07d70c2e83ca63c0bcf955e676b0cea9001f7b84aad64cbe67a', '= 3 | ‘\nAUX MILLES SAVEURS\n63 BD WINSTON CHURCHILL\n72100 LE MANS | ;\nTICKET DE VENTE _ ;‘\n| afRN\nDIE O9A0/8E 16:35 14 st\ndar Ge ;\nArticle Qté TP©Prix/ Hontant 1!\nnerveux de GIte Fe 1 F\n5,5% 1,942 kg} 14,80 = = 28,94 10! (Lai\nm——— I À\nMATE da auaziid$ 8\nJONdn4 2KHA2 1sia8 ë EU (8\nAl\nEn espèce: æ 18\nk rendre: 8 0\nTVA inclus au taux indie + ‘ 1080 LA\nTau otalH! | Na J } a\nui A 2 ;\nSignature:-ri ie\n| Né Série ENS 000\n-, males ue v\n1) ven 0 &quot;6. |.\n| MERCI ET. À à EN\n| ie ??', '= 3 | ‘', '5bb7a57c5b16977416336e1919959e81ec081ec5d21c49b31a5fd7c2f62087f3', '28.94', NULL, '28.94', NULL, 'accepted', '[{\"raw\":\"28,94\",\"value\":28.940000000000001278976924368180334568023681640625,\"score100\":22},{\"raw\":\"14,80\",\"value\":14.800000000000000710542735760100185871124267578125,\"score100\":21},{\"raw\":\"721\",\"value\":721,\"score100\":13},{\"raw\":\"108\",\"value\":108,\"score100\":9},{\"raw\":\"63\",\"value\":63,\"score100\":8}]', '{\"via\":\"confirm_button\",\"ocr_source\":\"tesseract\"}', '2026-01-26 20:43:32'),
(48, 7, '09d2be60c1a157c468272754b3d1b69821a66e9338d22d292e4dfce44ed0f448', '— Ticket Ô\nCOVEA LE MANS CALIFORNIE\nTicket du 27/01/2026\n08:26:22\nTOTAL 60,00 €\nPAIEMENT 60,00 €\n\nOmar NDIONGUE\nANCIEN SOLDE 5,65 €\nSOLDE 65,65 €\nN. transaction 17484\n27/01/2026 08:26:22 (CONVENTION)\nCle 2-SERV. : -CAISSE 5-NOTE 17484/1\nAU REVOIR ET MERCI\nELIOR RESTAURATION FRANCE\n9-11 Allée DE L&#039;ARCHE 92032 Paris la Défense\nCEDEX\nSIRET : 66 202 519 660 347\nNAF :5629A\nTVA : FR1I8662025196', '— Ticket Ô', '8df0a615ef6e1c37725a9498b195c371c28efde271d5e599d7f36684b7168a4a', '60.00', NULL, '60.00', NULL, 'accepted', '[{\"raw\":\"60,00\",\"value\":60,\"score100\":73},{\"raw\":\"60,00\",\"value\":60,\"score100\":73},{\"raw\":\"66 202 519 660 347\",\"value\":66202519660347,\"score100\":64},{\"raw\":\"202\",\"value\":202,\"score100\":61},{\"raw\":\"202\",\"value\":202,\"score100\":61}]', '{\"via\":\"confirm_button\",\"ocr_source\":\"tesseract\"}', '2026-01-27 07:28:31'),
(49, 7, '215891ae6360ca83cee89eaec89016ab0da64ef9b4e9f3a87ee371c5fdbd8633', 'Vous avez envoyé 68,60 € à Adama Diaw\nBonjour Omar Ndiongue,\nVotre transfert d&#039;argent est arrivé sur le compte Wave Mobile Money de Adama\nDiaw !\nVoici le reçu de la transaction :\nSENDWAVE\nreu ae nu , Sendwave SA\neçu de paiement Rue du Commerce 31\nBrussels\nCe reçu ne constitue pas un 1000\njustificatif de livraison de l&#039;argent au Belgique\npure Tel.0 800 90 94 13\nwww sendivave com\nNuméro de client: SWB087\nEXPÉDITEUR TRANSFERT BÉNÉFICIAIRE INFOS SUR LA BANQUE\nNom de l&#039;exp?', 'Vous avez envoyé 68,60 € à Adama Diaw', 'e699a1317d14107f3430d5235d36b0a92ced75380ec4403f3f04387250136f76', '8221.00', NULL, '8221.00', NULL, 'accepted', '[{\"raw\":\"8 221\",\"value\":8221,\"score100\":68},{\"raw\":\"0.00\",\"value\":0,\"score100\":65},{\"raw\":\"700\",\"value\":700,\"score100\":63},{\"raw\":\"776\",\"value\":776,\"score100\":63},{\"raw\":\"687\",\"value\":687,\"score100\":63}]', '{\"via\":\"confirm_button\",\"ocr_source\":\"tesseract\"}', '2026-01-27 18:33:05'),
(50, 7, '55f3b7e0c42c08606114667ee6a3c92830e9f7283f3867792af624a4e5d61349', 'Vous avez envoyé 22,87 € à Aichatou Ndiongue\nBonjour Omar Ndiongue,\nVotre transfert d&#039;argent est arrivé sur le compte Wave Mobile Money de\nAichatou Ndiongue !\nVoici le reçu de la transaction :\nSENDWAVE\në Sendwave SA\nReçu de paiement Rue du Commerce 31\nBrussels\nCe reçu ne constitue pas un 1000\njustificatif de livraison de l&#039;argent au Belgique\nTel 0 800 90 94 13\nbénéficiaire. www.sendwave.com\nNuméro de client: SW8087\nEXPÉDITEUR TRANSFERT BÉNÉFICIAIRE INFOS SUR LA BANQUE\nNo', 'Vous avez envoyé 22,87 € à Aichatou Ndiongue', 'd056d9eae99d9e104ce32a33f8d931cb1c0c309d07eee60e559236fe36046f10', '725.00', NULL, '725.00', NULL, 'accepted', '[{\"raw\":\"725\",\"value\":725,\"score100\":63},{\"raw\":\"243\",\"value\":243,\"score100\":61},{\"raw\":\"+221\",\"value\":221,\"score100\":61},{\"raw\":\"-260\",\"value\":-260,\"score100\":61},{\"raw\":\"128\",\"value\":128,\"score100\":60}]', '{\"via\":\"confirm_button\",\"ocr_source\":\"tesseract\"}', '2026-01-28 12:33:21'),
(51, 7, '6b216bfab81c50322927fdb3e9d4a8f234703c1bfaaf8b8e600d1918adc3ef91', '23:16 ul 7 œ)\n= °\n&lt; ©\nBOUTIQUE : Mon compte formation\nAdresse URL : https://www.\nmoncompteformation.gouv.fr\nBonjour,\nCet e-mail confirme que nous venons\nd&#039;enregistrer votre demande de paiement de\n103,20 EUR pour votre dossier n° 421503342246\nsur Mon compte formation.\nDétails du paiement\nIdentifiant du marchand : 29303747\nNuméro de transaction : 784007\nRéférence commande : 421503342246\nDate / Heure : 28/01/2026 / 23:14:02\n(=)\n; : CARTE BANCAIRE\nMoyen de paiement Visa\nNuméro de ca', '23:16 ul 7 œ)', 'a3a54c543eb7475e2706da8a167a3e37d27e072d78a32e36da15040b598af210', '880.00', NULL, '880.00', NULL, 'accepted', '[{\"raw\":\"880\",\"value\":880,\"score100\":64},{\"raw\":\"602\",\"value\":602,\"score100\":63},{\"raw\":\"348\",\"value\":348,\"score100\":62},{\"raw\":\"289\",\"value\":289,\"score100\":61},{\"raw\":\"126\",\"value\":126,\"score100\":60}]', '{\"via\":\"confirm_button\"}', '2026-01-28 22:47:54'),
(52, 7, '972fa4a5cf6780c29bde65d33baeacf4f1c255871a23871a5dfd4ffdfdd40d97', 'MARKET LE MANS BONNETABLE\nTél: 02 43 81 64 60\nLun. au Sam: 08:30 à 20:00\nDim.: 09:00 à 12:30\n30/01/2026 à 13h00\nTVA Produit QTExP.U. Montant €\n5.5% POULET HALAL CRF 1x8.03 8.03\n1.788kg x 4.49@kg\n5,5%  SAUCISDELICE 1x1.99 1.99\n5.5% 370G TORTIL.BLE WR 1x 2.49 2.49\n5.5% 470G MAYONNAISE SI 1x1.45 1.45\n5.5% 1KG FROMAGE BLANC 1x1.79 1.79\n5.5% 140G AIL SEMOULE 1x3.15 3.15\n5.5% X25 THE VERT MENTH 1x0.79 0.79\n5.5% 1KG RIZ LONG BLANC 1x1.25 1.25\n5.5% 1KG RIZ LONG BLANC 1x1.25 1.25\n5.5% 340G SCE SAMO', 'MARKET LE MANS BONNETABLE', '423ac88f8a1fb5f596ef4edf6e902d63ef715f06843cb508a0330d48f97572c6', '30.39', NULL, '30.39', NULL, 'accepted', '[{\"raw\":\"30.39\",\"value\":30.3900000000000005684341886080801486968994140625,\"score100\":72},{\"raw\":\"25.00\",\"value\":25,\"score100\":72},{\"raw\":\"30.39\",\"value\":30.3900000000000005684341886080801486968994140625,\"score100\":72},{\"raw\":\"30.39\",\"value\":30.3900000000000005684341886080801486968994140625,\"score100\":72},{\"raw\":\"8.03\",\"value\":8.0299999999999993605115378159098327159881591796875,\"score100\":69}]', '{\"via\":\"confirm_button\"}', '2026-01-30 13:37:07'),
(53, 7, '70b2fa16551bfaabec08fd0a00ec19212e0e638a811b2be59d349d043d051804', 'Vous avez envoyé 7,62 € à Pape Sidy\nBonjour Omar Ndiongue,\nVotre transfert d&#039;argent est arrivé sur le compte Wave Mobile Money de Pape\nsidy !\nVoici le reçu de la transaction :\nSENDWAVE\nR d = t Sendwave SA\neçu de paiemen Rue du Commerce 31\nBrussels\nCe reçu ne constitue pas un 1000\njustificatif de livraison de l&#039;argent au Belgique\nbénéficiaire. por cata\nwven sendwave com\nNuméro de client: SWB087\nEXPÉDITEUR TRANSFERT BÉNÉFICIAIRE INFOS SUR LA BANQUE\nNom de l&#039;expéditeur', 'Vous avez envoyé 7,62 € à Pape Sidy', 'e03fe2e0335e141cc985dcb6fa4762ca446b32ad0c35329c5a71a7f5dab32122', '768.00', NULL, '768.00', NULL, 'accepted', '[{\"raw\":\"768\",\"value\":768,\"score100\":63},{\"raw\":\"567\",\"value\":567,\"score100\":63},{\"raw\":\"830\",\"value\":830,\"score100\":63},{\"raw\":\"500\",\"value\":500,\"score100\":62},{\"raw\":\"+221\",\"value\":221,\"score100\":61}]', '{\"via\":\"confirm_button\"}', '2026-02-03 19:14:21'),
(54, 7, '02c6bc401287c6c7820f6a8b20dd7fecf001904e6aa04f5b181f0a22b54bc52e', 'Vous avez envoyé 7,62 € à Fatou Diassy\nBonjour Omar Ndiongue,\nVotre transfert d&#039;argent est arrivé sur le compte Wave Mobile Money de Fatou\nDiassy !\nVoici le reçu de la transaction :\nSENDWAVE\nA Sendwave SA\nReçu de paiement Rue du Commerce 31\nBrussels\nCe reçu ne constitue pas un 1000\njustificatif de livraison de l&#039;argent au Belgique\narsrnee Tel. 800 90 94 13\ni www SEndvave com\nNuméro de client: SWB087\nEXPÉDITEUR TRANSFERT BÉNÉFICIAIRE INFOS SUR LA BANQUE\nNom de l&#039;expédi', 'Vous avez envoyé 7,62 € à Fatou Diassy', '7cb415981c9e9e8b3ed5d58b7c884c9cf6b6938941c499e04bd17a212b94ae52', '911421.00', NULL, '911421.00', NULL, 'accepted', '[{\"raw\":\"911 421\",\"value\":911421,\"score100\":77},{\"raw\":\"0.00\",\"value\":0,\"score100\":65},{\"raw\":\"904\",\"value\":904,\"score100\":64},{\"raw\":\"785\",\"value\":785,\"score100\":63},{\"raw\":\"642\",\"value\":642,\"score100\":63}]', '{\"via\":\"confirm_button\"}', '2026-02-03 19:15:42'),
(55, 7, 'ce11d8d38cd50e58e2d143ac43bbd43937756af4216b90346cf38810b70d882e', 'MARKET LE MANS BONNETABLE\nTét 024381 6460\nLun. au Sam: 08:30 à 20:00\nim: 09:00 à 12:30\n07/02/2026 à 12h41\nTVA Produit QTExP.U. Montant €\n200% BTE 110 MOUCHOIR C 1x135 135\n55% 1756 BOUDOIRS CRF 1x139 139\n55% 175 BOUDOIRS CRF 1x139 139\n200% 20SACS30LTRADI SIM 1x079 079\n55% 5006 VERMICEL MOYE 1x149 149\n55%  REGILAI300G 1x275 275\n55%  650G FRAISE ENTIER 1x355 355\n55%  75CL CREME FRAICHE 1x475 475\n55% 4/4 COCK.FRT SIROP 1x199 199\n55% POULET HALAL CRF 1x748 746\n1.599kg x 4 49€kg\n55% IL HUILE D', 'MARKET LE MANS BONNETABLE', '55a696d933da579214788d9b5cfaabd28bdb90b28e0bcf9c9722cad94bb05e96', '248248.00', NULL, '248248.00', NULL, 'accepted', '[{\"raw\":\"248 248\",\"value\":248248,\"score100\":75},{\"raw\":\"135 135\",\"value\":135135,\"score100\":74},{\"raw\":\"34.97\",\"value\":34.969999999999998863131622783839702606201171875,\"score100\":72},{\"raw\":\"31.54\",\"value\":31.53999999999999914734871708787977695465087890625,\"score100\":72},{\"raw\":\"34.97\",\"value\":34.969999999999998863131622783839702606201171875,\"score100\":72}]', '{\"via\":\"confirm_button\"}', '2026-02-07 14:28:16');

-- --------------------------------------------------------

--
-- Structure de la table `recurring_transactions`
--

CREATE TABLE `recurring_transactions` (
  `id` int(11) NOT NULL,
  `user_id` int(11) NOT NULL,
  `amount` decimal(14,2) NOT NULL,
  `type` varchar(50) NOT NULL,
  `category` varchar(255) DEFAULT NULL,
  `subcategory_id` int(11) DEFAULT NULL,
  `date_time` datetime DEFAULT NULL,
  `frequency` varchar(20) DEFAULT 'monthly',
  `interval_count` int(11) DEFAULT 1,
  `end_date` date DEFAULT NULL,
  `last_run_date` date DEFAULT NULL,
  `active` tinyint(1) DEFAULT 1,
  `notes` text DEFAULT NULL,
  `created_at` timestamp NULL DEFAULT current_timestamp()
) ENGINE=MyISAM DEFAULT CHARSET=latin1 COLLATE=latin1_swedish_ci;

--
-- Déchargement des données de la table `recurring_transactions`
--

INSERT INTO `recurring_transactions` (`id`, `user_id`, `amount`, `type`, `category`, `subcategory_id`, `date_time`, `frequency`, `interval_count`, `end_date`, `last_run_date`, `active`, `notes`, `created_at`) VALUES
(13, 7, '1000.00', 'revenu', 'Revenus', 25, '2026-01-30 16:02:00', 'daily', 1, '2026-02-05', '2026-01-30', 1, '', '2026-01-30 16:02:55'),
(14, 7, '-1000.00', 'dépense', 'Imprévus', 17, '2026-02-01 08:53:00', 'monthly', 1, '2026-05-01', '2026-02-01', 1, '', '2026-02-01 08:53:35'),
(11, 7, '-23.99', 'dépense', 'Charge fixe', 5, '2026-02-05 10:59:00', 'monthly', 1, '2026-12-05', NULL, 1, '', '2026-01-27 07:00:11');

-- --------------------------------------------------------

--
-- Structure de la table `subcategories`
--

CREATE TABLE `subcategories` (
  `id_subcategory` int(11) NOT NULL,
  `category_id` int(11) NOT NULL,
  `name` varchar(100) NOT NULL,
  `icon` varchar(64) DEFAULT NULL,
  `description` varchar(255) DEFAULT NULL,
  `created_at` timestamp NOT NULL DEFAULT current_timestamp(),
  `manual_budget` decimal(10,2) DEFAULT NULL,
  `is_fixed` tinyint(1) DEFAULT 0
) ENGINE=InnoDB DEFAULT CHARSET=utf8mb4 COLLATE=utf8mb4_general_ci;

--
-- Déchargement des données de la table `subcategories`
--

INSERT INTO `subcategories` (`id_subcategory`, `category_id`, `name`, `icon`, `description`, `created_at`, `manual_budget`, `is_fixed`) VALUES
(1, 1, 'Loyer', 'Home', NULL, '2025-07-19 11:13:21', '550.00', 1),
(2, 2, 'Salaire', 'MoneyWings', NULL, '2025-07-19 11:13:21', NULL, 0),
(3, 1, 'Électricité', 'LowBattery', NULL, '2025-07-19 11:13:21', '26.80', 1),
(4, 1, 'Assurance habitation', 'Bank', NULL, '2025-07-19 11:13:21', '18.35', 1),
(5, 1, 'Box Internet', 'Phone', NULL, '2025-07-19 11:13:21', '23.99', 0),
(6, 1, 'Forfait mobile', 'Phone', NULL, '2025-07-19 11:13:21', '5.49', 1),
(7, 3, 'Courses', 'ShoppingCart', NULL, '2025-07-19 11:13:21', '80.00', 0),
(8, 3, 'Sodexo', 'Pasta', NULL, '2025-07-19 11:13:21', '70.00', 0),
(9, 1, 'Transport', 'Bus', NULL, '2025-07-19 11:13:21', '35.85', 1),
(10, 4, 'Habillement', NULL, NULL, '2025-07-19 11:13:21', NULL, 0),
(11, 5, 'Dépenses Sénégal', NULL, NULL, '2025-07-19 11:13:21', '459.50', 1),
(12, 6, 'Crédit', NULL, NULL, '2025-07-19 11:13:21', '0.00', 0),
(13, 1, 'Assurance bancaire', 'Bank', NULL, '2025-07-19 11:13:21', '2.25', 1),
(14, 7, 'Famille', 'ManRedHair', NULL, '2025-07-19 11:13:21', NULL, 0),
(15, 1, 'Netflix/Amazon', 'Film', NULL, '2025-07-19 11:13:21', NULL, 0),
(16, 2, 'Autres revenus', NULL, NULL, '2025-07-19 11:13:21', NULL, 0),
(17, 7, 'Autres imprévus', NULL, NULL, '2025-07-19 11:13:21', NULL, 0),
(18, 8, 'Dépense Adama', 'WomanWithHeadscarf', NULL, '2025-07-19 11:13:21', NULL, 1),
(19, 5, 'Mon père', 'ManRedHair', NULL, '2025-07-19 11:13:21', NULL, 0),
(20, 5, 'Tante Alimatou', NULL, NULL, '2025-07-19 11:13:21', NULL, 0),
(21, 5, 'Scolarité Pape Sidy', NULL, NULL, '2025-07-19 11:13:21', '0.00', 0),
(22, 4, 'Perso', NULL, NULL, '2025-07-19 11:13:21', NULL, 0),
(23, 1, 'Lessives et autres', NULL, NULL, '2025-07-19 11:13:21', NULL, 0),
(24, 9, 'Impôts', 'CalendarAlt', NULL, '2025-07-19 11:13:21', NULL, 0),
(25, 2, 'Prime', 'MoneyWings', NULL, '2025-07-19 11:13:21', NULL, 0),
(26, 2, 'Participation', 'MoneyBag', NULL, '2025-07-19 11:13:21', NULL, 0),
(27, 5, 'Santé des parents', 'Stethoscope', NULL, '2025-07-19 11:13:21', NULL, 0),
(28, 5, 'Scolarité Mère Wane', 'Book', NULL, '2025-07-19 11:13:21', NULL, 1),
(29, 5, 'Scolarité Mamadou', 'Book', NULL, '2025-07-19 11:13:21', NULL, 1),
(30, 10, 'Fondation', NULL, NULL, '2025-07-19 11:13:21', NULL, 0),
(31, 3, 'Resto', NULL, NULL, '2025-08-08 19:46:11', '0.00', 0),
(32, 11, 'Placements', NULL, NULL, '2025-08-20 19:10:49', NULL, 0),
(33, 2, 'Ticket resto', 'MoneyWings', NULL, '2025-07-19 11:13:21', NULL, 0),
(34, 4, 'Coiffeur', NULL, NULL, '2025-09-15 18:47:45', NULL, 0),
(333, 5, 'Pape Sidy', 'ManRedHair', NULL, '2025-10-05 14:44:59', '0.00', 0),
(334, 5, 'Nafi Ndiongue', NULL, NULL, '2025-10-05 14:45:10', NULL, 0),
(335, 5, 'Amy Ndiongue', NULL, NULL, '2025-10-05 14:45:19', NULL, 0),
(336, 5, 'Bakary Ndiongue', NULL, NULL, '2025-10-05 14:45:33', '0.00', 0),
(337, 5, 'Astou Ndiongue', NULL, NULL, '2025-10-05 14:46:23', NULL, 0),
(338, 5, 'Abdou Chakour', NULL, NULL, '2025-10-05 14:46:51', NULL, 0),
(339, 5, 'Badou Ndiongue', NULL, NULL, '2025-10-05 14:47:37', NULL, 0),
(340, 5, 'Mamadou Ndiongue', 'ManRedHair', NULL, '2025-10-05 14:47:47', '0.00', 0),
(341, 5, 'Ablaye Diassy', NULL, NULL, '2025-10-05 14:50:46', NULL, 0),
(342, 5, 'Fatou Diassy', NULL, NULL, '2025-10-05 14:50:54', NULL, 0),
(343, 5, 'Seydou Ndiongue', NULL, NULL, '2025-10-05 14:51:36', '0.00', 0),
(344, 5, 'Yaye Nafi', NULL, NULL, '2025-10-05 14:58:29', NULL, 0),
(345, 5, 'Sophy', NULL, NULL, '2025-10-05 15:39:25', NULL, 0),
(346, 5, 'Scolarité Mohamed Diassy', 'Book', NULL, '2025-10-05 15:44:14', NULL, 0),
(347, 4, 'Epargne de sécurité', NULL, NULL, '2025-10-05 17:33:35', NULL, 0),
(348, 4, 'Santé', 'Medical', NULL, '2025-10-25 10:54:21', '0.00', 0),
(349, 12, 'Ecart non expliqué', NULL, NULL, '2025-11-11 07:24:14', NULL, 0),
(350, 13, 'Fondation', NULL, NULL, '2025-12-26 05:44:56', NULL, 0),
(351, 13, 'Livret A', 'MoneyBag', NULL, '2025-12-26 05:44:56', '70.00', 0),
(353, 13, 'Tontine', NULL, NULL, '2025-12-26 05:46:46', NULL, 0),
(354, 13, 'Permis', NULL, NULL, '2025-12-31 16:38:40', NULL, 0),
(355, 1, 'Frais bancaire', 'Bank', NULL, '2025-12-31 21:20:07', '4.30', 1),
(356, 8, 'Autres dépenses Adama', 'WomanWithHeadscarf', NULL, '2025-12-31 21:21:40', NULL, 0),
(357, 13, 'Epargne de sécurité', NULL, NULL, '2026-01-02 17:07:49', NULL, 0),
(360, 2, 'Retrait dans épargne', 'MoneyWings', NULL, '2026-01-04 14:33:11', NULL, 0),
(361, 2, 'Rachat CET', 'MoneyWings', NULL, '2026-01-24 09:52:07', NULL, 0),
(362, 13, 'Voyage Sénégal', NULL, NULL, '2026-01-29 10:54:39', NULL, 0),
(363, 13, 'Vacance', NULL, NULL, '2026-02-06 21:11:23', NULL, 0);

-- --------------------------------------------------------

--
-- Structure de la table `transactions`
--

CREATE TABLE `transactions` (
  `id_transaction` int(3) NOT NULL,
  `goal_id` int(11) DEFAULT NULL,
  `id_utilisateur` int(1) DEFAULT NULL,
  `id_type` int(11) NOT NULL,
  `Type` varchar(7) DEFAULT NULL,
  `category_id` int(11) DEFAULT NULL,
  `subcategory_id` int(11) DEFAULT NULL,
  `Catégorie` varchar(31) DEFAULT NULL,
  `Sous-catégorie` varchar(20) DEFAULT NULL,
  `Montant` decimal(14,2) DEFAULT NULL,
  `Notes` varchar(44) DEFAULT NULL,
  `currency` varchar(8) NOT NULL DEFAULT 'EUR',
  `Montant_eur` decimal(14,2) DEFAULT NULL,
  `Date` datetime NOT NULL DEFAULT current_timestamp(),
  `recurring_plan_id` int(11) DEFAULT NULL,
  `recurring_group_id` int(11) DEFAULT NULL
) ENGINE=InnoDB DEFAULT CHARSET=utf8mb3 COLLATE=utf8mb3_general_ci;

--
-- Déchargement des données de la table `transactions`
--

INSERT INTO `transactions` (`id_transaction`, `goal_id`, `id_utilisateur`, `id_type`, `Type`, `category_id`, `subcategory_id`, `Catégorie`, `Sous-catégorie`, `Montant`, `Notes`, `currency`, `Montant_eur`, `Date`, `recurring_plan_id`, `recurring_group_id`) VALUES
(1, NULL, 7, 1, '1', 1, 1, 'Charge fixe', 'Loyer', '550.00', '', 'EUR', '550.00', '2024-01-01 00:00:00', NULL, NULL),
(3, NULL, 7, 1, '1', 1, 3, 'Charge fixe', 'Électricité', '59.79', '', 'EUR', '59.79', '2024-01-01 00:00:00', NULL, NULL),
(4, NULL, 7, 1, '1', 1, 4, 'Charge fixe', 'Assurance habitation', '17.25', '', 'EUR', '17.25', '2024-01-01 00:00:00', NULL, NULL),
(5, NULL, 7, 1, '1', 1, 5, 'Charge fixe', 'Freebox', '34.99', '', 'EUR', '34.99', '2024-01-01 00:00:00', NULL, NULL),
(6, NULL, 7, 1, '1', 1, 6, 'Charge fixe', 'Free Mobile', '12.99', '', 'EUR', '12.99', '2024-01-01 00:00:00', NULL, NULL),
(7, NULL, 7, 1, '1', 3, 7, 'Nourriture & Santé', 'Courses', '64.00', '', 'EUR', '64.00', '2024-01-01 00:00:00', NULL, NULL),
(8, NULL, 7, 1, '1', 3, 8, 'Nourriture & Santé', 'Sodexo', '80.00', '', 'EUR', '80.00', '2024-01-01 00:00:00', NULL, NULL),
(9, NULL, 7, 1, '1', 1, 9, 'Charge fixe', 'Transport', '48.35', '', 'EUR', '48.35', '2024-01-01 00:00:00', NULL, NULL),
(10, NULL, 7, 1, '1', 4, 10, 'Habillement & perso', 'Habillement', '143.94', '', 'EUR', '143.94', '2024-01-01 00:00:00', NULL, NULL),
(11, NULL, 7, 1, '1', 5, 11, 'Famille au Sénégal', 'Dépenses', '499.74', '', 'EUR', '499.74', '2024-01-01 00:00:00', NULL, NULL),
(12, NULL, 7, 1, '1', 6, 12, 'Crédit', 'Crédit', '173.49', '', 'EUR', '173.49', '2024-01-01 00:00:00', NULL, NULL),
(13, NULL, 7, 1, '1', 1, 13, 'Charge fixe', 'Assurance bancaire', '6.45', '', 'EUR', '6.45', '2024-01-01 00:00:00', NULL, NULL),
(14, NULL, 7, 1, '1', 7, 14, 'Imprévus', 'Famille', '377.29', '', 'EUR', '377.29', '2024-01-05 00:00:00', NULL, NULL),
(15, NULL, 7, 1, '1', 1, 1, 'Charge fixe', 'Loyer', '550.00', '', 'EUR', '550.00', '2024-02-01 00:00:00', NULL, NULL),
(16, NULL, 7, 2, '2', 2, 2, '2', '2', '2346.00', '', 'EUR', '2346.00', '2024-01-01 00:00:00', NULL, NULL),
(17, NULL, 7, 1, '1', 1, 3, 'Charge fixe', 'Électricité', '59.79', '', 'EUR', '59.79', '2024-02-01 00:00:00', NULL, NULL),
(18, NULL, 7, 1, '1', 1, 4, 'Charge fixe', 'Assurance habitation', '17.25', '', 'EUR', '17.25', '2024-02-01 00:00:00', NULL, NULL),
(19, NULL, 7, 1, '1', 1, 5, 'Charge fixe', 'Freebox', '34.99', '', 'EUR', '34.99', '2024-02-01 00:00:00', NULL, NULL),
(20, NULL, 7, 1, '1', 1, 6, 'Charge fixe', 'Free Mobile', '12.99', '', 'EUR', '12.99', '2024-02-01 00:00:00', NULL, NULL),
(21, NULL, 7, 1, '1', 1, 15, 'Charge fixe', 'Netflix-Amazon', '3.49', '', 'EUR', '3.49', '2024-02-01 00:00:00', NULL, NULL),
(22, NULL, 7, 1, '1', 3, 7, 'Nourriture & Santé', 'Courses', '80.00', '', 'EUR', '80.00', '2024-02-01 00:00:00', NULL, NULL),
(23, NULL, 7, 1, '1', 4, 10, 'Habillement & perso', 'Habillement', '50.00', '', 'EUR', '50.00', '2024-02-01 00:00:00', NULL, NULL),
(24, NULL, 7, 1, '1', 5, 11, 'Famille au Sénégal', 'Dépenses', '437.40', '', 'EUR', '437.40', '2024-02-01 00:00:00', NULL, NULL),
(25, NULL, 7, 1, '1', 6, 12, 'Crédit', 'Crédit', '173.49', '', 'EUR', '173.49', '2024-02-01 00:00:00', NULL, NULL),
(26, NULL, 7, 2, '2', 2, 16, '2', '16', '500.00', 'Rachat 5 jr RTT', 'EUR', '500.00', '2024-01-01 00:00:00', NULL, NULL),
(27, NULL, 7, 1, '1', 7, 14, 'Imprévus', 'Famille', '247.73', '', 'EUR', '247.73', '2024-02-01 00:00:00', NULL, NULL),
(28, NULL, 7, 1, '1', 7, 14, 'Imprévus', 'Famille', '0.18', '', 'EUR', '0.18', '2024-02-01 00:00:00', NULL, NULL),
(29, NULL, 7, 1, '1', 3, 8, 'Nourriture & Santé', 'Sodexo', '80.00', '', 'EUR', '80.00', '2024-02-02 00:00:00', NULL, NULL),
(30, NULL, 7, 1, '1', 1, 9, 'Charge fixe', 'Transport', '35.85', '', 'EUR', '35.85', '2024-02-02 00:00:00', NULL, NULL),
(31, NULL, 7, 1, '1', 1, 13, 'Charge fixe', 'Assurance bancaire', '6.45', '', 'EUR', '6.45', '2024-02-14 00:00:00', NULL, NULL),
(32, NULL, 7, 1, '1', 1, 1, 'Charge fixe', 'Loyer', '550.00', '', 'EUR', '550.00', '2024-03-01 00:00:00', NULL, NULL),
(33, NULL, 7, 2, '2', 2, 2, '2', '2', '2428.00', '', 'EUR', '2428.00', '2024-02-01 00:00:00', NULL, NULL),
(34, NULL, 7, 1, '1', 1, 3, 'Charge fixe', 'Électricité', '59.79', '', 'EUR', '59.79', '2024-03-01 00:00:00', NULL, NULL),
(35, NULL, 7, 1, '1', 1, 4, 'Charge fixe', 'Assurance habitation', '17.25', '', 'EUR', '17.25', '2024-03-01 00:00:00', NULL, NULL),
(36, NULL, 7, 1, '1', 1, 5, 'Charge fixe', 'Freebox', '34.99', '', 'EUR', '34.99', '2024-03-01 00:00:00', NULL, NULL),
(37, NULL, 7, 1, '1', 1, 6, 'Charge fixe', 'Free Mobile', '12.99', '', 'EUR', '12.99', '2024-03-01 00:00:00', NULL, NULL),
(38, NULL, 7, 1, '1', 1, 15, 'Charge fixe', 'Netflix-Amazon', '3.49', '', 'EUR', '3.49', '2024-03-01 00:00:00', NULL, NULL),
(39, NULL, 7, 1, '1', 3, 7, 'Nourriture & Santé', 'Courses', '80.00', '', 'EUR', '80.00', '2024-03-01 00:00:00', NULL, NULL),
(40, NULL, 7, 1, '1', 4, 10, 'Habillement & perso', 'Habillement', '50.00', '', 'EUR', '50.00', '2024-03-01 00:00:00', NULL, NULL),
(41, NULL, 7, 1, '1', 5, 11, 'Famille au Sénégal', 'Dépenses', '381.00', '', 'EUR', '381.00', '2024-03-01 00:00:00', NULL, NULL),
(42, NULL, 7, 1, '1', 6, 12, 'Crédit', 'Crédit', '173.49', '', 'EUR', '173.49', '2024-03-01 00:00:00', NULL, NULL),
(43, NULL, 7, 1, '1', 7, 17, 'Ma femme', 'Dépense', '2416.00', 'Mariage', 'EUR', '2416.00', '2024-03-01 00:00:00', NULL, NULL),
(44, NULL, 7, 1, '1', 1, 13, 'Charge fixe', 'Assurance bancaire', '6.45', '', 'EUR', '6.45', '2024-03-01 00:00:00', NULL, NULL),
(45, NULL, 7, 1, '1', 7, 17, 'Imprévus', 'Autres', '0.08', '', 'EUR', '0.08', '2024-03-01 00:00:00', NULL, NULL),
(46, NULL, 7, 1, '1', 3, 8, 'Nourriture & Santé', 'Sodexo', '80.00', '', 'EUR', '80.00', '2024-03-02 00:00:00', NULL, NULL),
(47, NULL, 7, 1, '1', 1, 9, 'Charge fixe', 'Transport', '35.85', '', 'EUR', '35.85', '2024-03-02 00:00:00', NULL, NULL),
(48, NULL, 7, 1, '1', 1, 1, 'Charge fixe', 'Loyer', '550.00', '', 'EUR', '550.00', '2024-04-01 00:00:00', NULL, NULL),
(49, NULL, 7, 2, '2', 2, 2, '2', '2', '2580.00', '', 'EUR', '2580.00', '2024-03-01 00:00:00', NULL, NULL),
(50, NULL, 7, 1, '1', 1, 3, 'Charge fixe', 'Électricité', '59.79', '', 'EUR', '59.79', '2024-04-01 00:00:00', NULL, NULL),
(51, NULL, 7, 1, '1', 1, 4, 'Charge fixe', 'Assurance habitation', '17.25', '', 'EUR', '17.25', '2024-04-01 00:00:00', NULL, NULL),
(52, NULL, 7, 1, '1', 1, 9, 'Charge fixe', 'Transport', '35.85', '', 'EUR', '35.85', '2024-04-01 00:00:00', NULL, NULL),
(53, NULL, 7, 1, '1', 4, 10, 'Habillement & perso', 'Habillement', '21.00', '', 'EUR', '21.00', '2024-04-01 00:00:00', NULL, NULL),
(54, NULL, 7, 1, '1', 5, 11, 'Famille au Sénégal', 'Dépenses', '381.00', '', 'EUR', '381.00', '2024-04-01 00:00:00', NULL, NULL),
(55, NULL, 7, 1, '1', 8, 18, 'Ma femme', 'Dépense', '284.00', '', 'EUR', '284.00', '2024-04-01 00:00:00', NULL, NULL),
(56, NULL, 7, 1, '1', 6, 12, 'Crédit', 'Crédit', '173.49', '', 'EUR', '173.49', '2024-04-01 00:00:00', NULL, NULL),
(57, NULL, 7, 1, '1', 1, 13, 'Charge fixe', 'Assurance bancaire', '6.45', '', 'EUR', '6.45', '2024-04-01 00:00:00', NULL, NULL),
(58, NULL, 7, 1, '1', 3, 7, 'Nourriture & Santé', 'Courses', '80.00', '', 'EUR', '80.00', '2024-04-01 00:00:00', NULL, NULL),
(59, NULL, 7, 1, '1', 3, 7, 'Nourriture & Santé', 'Courses', '80.00', '', 'EUR', '80.00', '2024-04-01 00:00:00', NULL, NULL),
(60, NULL, 7, 1, '1', 3, 7, 'Nourriture & Santé', 'Courses', '0.18', '', 'EUR', '0.18', '2024-04-01 00:00:00', NULL, NULL),
(61, NULL, 7, 1, '1', 7, 14, 'Imprévus', 'Famille', '808.65', 'Peinture', 'EUR', '808.65', '2024-04-04 00:00:00', NULL, NULL),
(62, NULL, 7, 1, '1', 1, 5, 'Charge fixe', 'Freebox', '34.99', '', 'EUR', '34.99', '2024-04-30 00:00:00', NULL, NULL),
(63, NULL, 7, 1, '1', 1, 6, 'Charge fixe', 'Free Mobile', '12.99', '', 'EUR', '12.99', '2024-04-30 00:00:00', NULL, NULL),
(64, NULL, 7, 1, '1', 1, 15, 'Charge fixe', 'Netflix-Amazon', '3.49', '', 'EUR', '3.49', '2024-04-30 00:00:00', NULL, NULL),
(65, NULL, 7, 1, '1', 1, 1, 'Charge fixe', 'Loyer', '550.00', '', 'EUR', '550.00', '2024-05-01 00:00:00', NULL, NULL),
(66, NULL, 7, 2, '2', 2, 2, '2', '2', '2459.00', '', 'EUR', '2459.00', '2024-04-01 00:00:00', NULL, NULL),
(67, NULL, 7, 1, '1', 1, 3, 'Charge fixe', 'Électricité', '29.08', 'Réugularisation', 'EUR', '29.08', '2024-05-01 00:00:00', NULL, NULL),
(68, NULL, 7, 1, '1', 1, 4, 'Charge fixe', 'Assurance habitation', '17.25', '', 'EUR', '17.25', '2024-05-01 00:00:00', NULL, NULL),
(69, NULL, 7, 1, '1', 3, 8, 'Nourriture & Santé', 'Sodexo', '100.00', '', 'EUR', '100.00', '2024-05-01 00:00:00', NULL, NULL),
(70, NULL, 7, 1, '1', 3, 7, 'Nourriture & Santé', 'Courses', '180.35', '', 'EUR', '180.35', '2024-05-01 00:00:00', NULL, NULL),
(71, NULL, 7, 1, '1', 1, 9, 'Charge fixe', 'Transport', '35.85', '', 'EUR', '35.85', '2024-05-01 00:00:00', NULL, NULL),
(72, NULL, 7, 1, '1', 5, 11, 'Famille au Sénégal', 'Dépenses', '305.00', '', 'EUR', '305.00', '2024-05-01 00:00:00', NULL, NULL),
(73, NULL, 7, 1, '1', 5, 19, 'Famille au Sénégal', 'Mon père', '79.38', '', 'EUR', '79.38', '2024-05-01 00:00:00', NULL, NULL),
(74, NULL, 7, 1, '1', 5, 20, 'Famille au Sénégal', 'Tante Alimatou', '76.22', '', 'EUR', '76.22', '2024-05-01 00:00:00', NULL, NULL),
(75, NULL, 7, 1, '1', 5, 21, 'Famille au Sénégal', 'Scolarité Pape Sidy', '81.00', '', 'EUR', '81.00', '2024-05-01 00:00:00', NULL, NULL),
(76, NULL, 7, 1, '1', 8, 18, 'Ma femme', 'Dépense', '209.72', '', 'EUR', '209.72', '2024-05-01 00:00:00', NULL, NULL),
(77, NULL, 7, 1, '1', 8, 18, 'Ma femme', 'Dépense', '39.01', '', 'EUR', '39.01', '2024-05-01 00:00:00', NULL, NULL),
(78, NULL, 7, 1, '1', 6, 12, 'Crédit', 'Crédit', '312.33', '', 'EUR', '312.33', '2024-05-01 00:00:00', NULL, NULL),
(79, NULL, 7, 1, '1', 4, 22, 'Habillement & perso', 'Perso', '116.40', '', 'EUR', '116.40', '2024-05-01 00:00:00', NULL, NULL),
(80, NULL, 7, 1, '1', 1, 13, 'Charge fixe', 'Assurance bancaire', '6.45', '', 'EUR', '6.45', '2024-05-01 00:00:00', NULL, NULL),
(81, NULL, 7, 1, '1', 5, 334, 'Imprévus', 'Famille', '293.23', 'Maternité Nafi', 'EUR', '293.23', '2024-05-01 00:00:00', NULL, NULL),
(82, NULL, 7, 1, '1', 1, 5, 'Charge fixe', 'Freebox', '34.99', '', 'EUR', '34.99', '2024-05-31 00:00:00', NULL, NULL),
(83, NULL, 7, 1, '1', 1, 6, 'Charge fixe', 'Free Mobile', '12.99', '', 'EUR', '12.99', '2024-05-31 00:00:00', NULL, NULL),
(84, NULL, 7, 1, '1', 1, 15, 'Charge fixe', 'Netflix-Amazon', '3.49', '', 'EUR', '3.49', '2024-05-31 00:00:00', NULL, NULL),
(85, NULL, 7, 1, '1', 1, 1, 'Charge fixe', 'Loyer', '550.00', '', 'EUR', '550.00', '2024-06-01 00:00:00', NULL, NULL),
(86, NULL, 7, 2, 'income', 2, 2, 'Revenus', 'Salaire', '2400.00', '', 'EUR', '2400.00', '2024-05-01 22:00:00', NULL, NULL),
(87, NULL, 7, 1, '1', 1, 3, 'Charge fixe', 'Électricité', '30.16', '', 'EUR', '30.16', '2024-06-01 00:00:00', NULL, NULL),
(88, NULL, 7, 1, '1', 1, 4, 'Charge fixe', 'Assurance habitation', '17.25', '', 'EUR', '17.25', '2024-06-01 00:00:00', NULL, NULL),
(89, NULL, 7, 1, '1', 1, 23, 'Charge fixe', 'Lessives et autres', '36.23', '', 'EUR', '36.23', '2024-06-01 00:00:00', NULL, NULL),
(90, NULL, 7, 1, '1', 3, 8, 'Nourriture & Santé', 'Sodexo', '100.00', '', 'EUR', '100.00', '2024-06-01 00:00:00', NULL, NULL),
(91, NULL, 7, 1, '1', 3, 7, 'Nourriture & Santé', 'Courses', '150.00', '', 'EUR', '150.00', '2024-06-01 00:00:00', NULL, NULL),
(92, NULL, 7, 1, '1', 1, 9, 'Charge fixe', 'Transport', '35.85', '', 'EUR', '35.85', '2024-06-01 00:00:00', NULL, NULL),
(93, NULL, 7, 1, '1', 4, 10, 'Habillement & perso', 'Habillement', '100.00', '', 'EUR', '100.00', '2024-06-01 00:00:00', NULL, NULL),
(94, NULL, 7, 1, '1', 4, 22, 'Habillement & perso', 'Perso', '188.72', '', 'EUR', '188.72', '2024-06-01 00:00:00', NULL, NULL),
(95, NULL, 7, 1, '1', 5, 11, 'Famille au Sénégal', 'Dépenses', '305.00', '', 'EUR', '305.00', '2024-06-01 00:00:00', NULL, NULL),
(96, NULL, 7, 1, '1', 5, 19, 'Famille au Sénégal', 'Mon père', '48.00', '', 'EUR', '48.00', '2024-06-01 00:00:00', NULL, NULL),
(97, NULL, 7, 1, '1', 5, 20, 'Famille au Sénégal', 'Tante Alimatou', '48.00', '', 'EUR', '48.00', '2024-06-01 00:00:00', NULL, NULL),
(98, NULL, 7, 1, '1', 5, 21, 'Famille au Sénégal', 'Scolarité Pape Sidy', '96.00', '', 'EUR', '96.00', '2024-06-01 00:00:00', NULL, NULL),
(99, NULL, 7, 1, '1', 8, 18, 'Ma femme', 'Dépense', '535.55', '', 'EUR', '535.55', '2024-06-01 00:00:00', NULL, NULL),
(100, NULL, 7, 1, '1', 6, 12, 'Crédit', 'Crédit', '311.36', '', 'EUR', '311.36', '2024-06-01 00:00:00', NULL, NULL),
(101, NULL, 7, 1, '1', 9, 24, 'Impôts', 'Impôts', '232.00', '', 'EUR', '232.00', '2024-06-01 00:00:00', NULL, NULL),
(102, NULL, 7, 1, '1', 4, 22, 'Habillement & perso', 'Perso', '30.00', 'Inscription code de la route', 'EUR', '30.00', '2024-06-01 00:00:00', NULL, NULL),
(103, NULL, 7, 1, '1', 1, 13, 'Charge fixe', 'Assurance bancaire', '6.45', '', 'EUR', '6.45', '2024-06-01 00:00:00', NULL, NULL),
(104, NULL, 7, 1, '1', 7, 17, 'Imprévus', 'Autres', '262.01', '', 'EUR', '262.01', '2024-06-01 00:00:00', NULL, NULL),
(105, NULL, 7, 1, '1', 8, 18, 'Ma femme', 'Dépense', '96.00', '', 'EUR', '96.00', '2024-06-01 00:00:00', NULL, NULL),
(106, NULL, 7, 1, '1', 8, 18, 'Ma femme', 'Dépense', '0.46', '', 'EUR', '0.46', '2024-06-01 00:00:00', NULL, NULL),
(107, NULL, 7, 1, '1', 7, 17, 'Imprévus', 'Autres', '303.44', '', 'EUR', '303.44', '2024-06-01 00:00:00', NULL, NULL),
(108, NULL, 7, 2, '2', 2, 25, '2', 'Prime', '2735.00', '', 'EUR', '2735.00', '2024-05-15 00:00:00', NULL, NULL),
(109, NULL, 7, 2, '2', 2, 26, '2', 'Participation', '1642.00', '', 'EUR', '1642.00', '2024-05-16 00:00:00', NULL, NULL),
(110, NULL, 7, 2, '2', 2, 25, '2', 'Prime', '345.33', 'CPAM', 'EUR', '345.33', '2024-05-15 00:00:00', NULL, NULL),
(111, NULL, 7, 1, '1', 1, 5, 'Charge fixe', 'Freebox', '34.99', '', 'EUR', '34.99', '2024-06-30 00:00:00', NULL, NULL),
(112, NULL, 7, 1, '1', 1, 6, 'Charge fixe', 'Free Mobile', '12.99', '', 'EUR', '12.99', '2024-06-30 00:00:00', NULL, NULL),
(113, NULL, 7, 1, '1', 1, 15, 'Charge fixe', 'Netflix-Amazon', '3.49', '', 'EUR', '3.49', '2024-06-30 00:00:00', NULL, NULL),
(114, NULL, 7, 1, '1', 1, 1, 'Charge fixe', 'Loyer', '550.00', '', 'EUR', '550.00', '2024-07-01 00:00:00', NULL, NULL),
(115, NULL, 7, 2, '2', 2, 2, '2', '2', '2433.00', '', 'EUR', '2433.00', '2024-06-01 00:00:00', NULL, NULL),
(116, NULL, 7, 1, '1', 1, 3, 'Charge fixe', 'Électricité', '30.16', '', 'EUR', '30.16', '2024-07-01 00:00:00', NULL, NULL),
(117, NULL, 7, 1, '1', 1, 4, 'Charge fixe', 'Assurance habitation', '17.25', '', 'EUR', '17.25', '2024-07-01 00:00:00', NULL, NULL),
(118, NULL, 7, 1, '1', 3, 8, 'Nourriture & Santé', 'Sodexo', '100.00', '', 'EUR', '100.00', '2024-07-01 00:00:00', NULL, NULL),
(119, NULL, 7, 1, '1', 3, 7, 'Nourriture & Santé', 'Courses', '150.00', '', 'EUR', '150.00', '2024-07-01 00:00:00', NULL, NULL),
(120, NULL, 7, 1, '1', 1, 9, 'Charge fixe', 'Transport', '35.85', '', 'EUR', '35.85', '2024-07-01 00:00:00', NULL, NULL),
(121, NULL, 7, 1, '1', 4, 10, 'Habillement & perso', 'Habillement', '103.32', '', 'EUR', '103.32', '2024-07-01 00:00:00', NULL, NULL),
(122, NULL, 7, 1, '1', 5, 11, 'Famille au Sénégal', 'Dépenses', '305.00', '', 'EUR', '305.00', '2024-07-01 00:00:00', NULL, NULL),
(123, NULL, 7, 1, '1', 5, 21, 'Famille au Sénégal', 'Scolarité Pape Sidy', '96.00', '', 'EUR', '96.00', '2024-07-01 00:00:00', NULL, NULL),
(124, NULL, 7, 1, '1', 8, 18, 'Ma femme', 'Dépense', '111.16', '', 'EUR', '111.16', '2024-07-01 00:00:00', NULL, NULL),
(125, NULL, 7, 1, '1', 6, 12, 'Crédit', 'Crédit', '235.62', '', 'EUR', '235.62', '2024-07-01 00:00:00', NULL, NULL),
(126, NULL, 7, 1, '1', 9, 24, 'Impôts', 'Impôts', '194.99', '', 'EUR', '194.99', '2024-07-01 00:00:00', NULL, NULL),
(127, NULL, 7, 1, '1', 1, 13, 'Charge fixe', 'Assurance bancaire', '6.45', '', 'EUR', '6.45', '2024-07-01 00:00:00', NULL, NULL),
(128, NULL, 7, 1, '1', 7, 17, 'Imprévus', 'Autres', '357.25', '', 'EUR', '357.25', '2024-07-01 00:00:00', NULL, NULL),
(129, NULL, 7, 1, '1', 1, 5, 'Charge fixe', 'Freebox', '34.99', '', 'EUR', '34.99', '2024-07-31 00:00:00', NULL, NULL),
(130, NULL, 7, 1, '1', 1, 6, 'Charge fixe', 'Free Mobile', '12.99', '', 'EUR', '12.99', '2024-07-31 00:00:00', NULL, NULL),
(131, NULL, 7, 1, '1', 1, 1, 'Charge fixe', 'Loyer', '550.00', '', 'EUR', '550.00', '2024-08-01 00:00:00', NULL, NULL),
(132, NULL, 7, 2, '2', 2, 2, '2', '2', '2433.00', '', 'EUR', '2433.00', '2024-07-01 00:00:00', NULL, NULL),
(133, NULL, 7, 1, '1', 1, 3, 'Charge fixe', 'Électricité', '30.16', '', 'EUR', '30.16', '2024-08-01 00:00:00', NULL, NULL),
(134, NULL, 7, 1, '1', 1, 23, 'Charge fixe', 'Lessives et autres', '17.25', '', 'EUR', '17.25', '2024-08-01 00:00:00', NULL, NULL),
(135, NULL, 7, 1, '1', 3, 8, 'Nourriture & Santé', 'Sodexo', '100.00', '', 'EUR', '100.00', '2024-08-01 00:00:00', NULL, NULL),
(136, NULL, 7, 1, '1', 3, 7, 'Nourriture & Santé', 'Courses', '150.00', '', 'EUR', '150.00', '2024-08-01 00:00:00', NULL, NULL),
(137, NULL, 7, 1, '1', 1, 9, 'Charge fixe', 'Transport', '35.85', '', 'EUR', '35.85', '2024-08-01 00:00:00', NULL, NULL),
(138, NULL, 7, 1, '1', 4, 22, 'Habillement & perso', 'Perso', '100.00', '', 'EUR', '100.00', '2024-08-01 00:00:00', NULL, NULL),
(139, NULL, 7, 1, '1', 5, 11, 'Famille au Sénégal', 'Dépenses', '305.00', '', 'EUR', '305.00', '2024-08-01 00:00:00', NULL, NULL),
(140, NULL, 7, 1, '1', 5, 11, 'Famille au Sénégal', 'Dépenses', '45.63', '', 'EUR', '45.63', '2024-08-01 00:00:00', NULL, NULL),
(141, NULL, 7, 1, '1', 8, 18, 'Ma femme', 'Dépense', '153.93', '', 'EUR', '153.93', '2024-08-01 00:00:00', NULL, NULL),
(142, NULL, 7, 1, '1', 8, 18, 'Ma femme', 'Dépense', '81.97', '', 'EUR', '81.97', '2024-08-01 00:00:00', NULL, NULL),
(143, NULL, 7, 1, '1', 6, 12, 'Crédit', 'Crédit', '135.62', '', 'EUR', '135.62', '2024-08-01 00:00:00', NULL, NULL),
(144, NULL, 7, 1, '1', 4, 22, 'Habillement & perso', 'Perso', '54.00', 'Timbre fiscal', 'EUR', '54.00', '2024-08-01 00:00:00', NULL, NULL),
(145, NULL, 7, 1, '1', 1, 13, 'Charge fixe', 'Assurance bancaire', '6.45', '', 'EUR', '6.45', '2024-08-01 00:00:00', NULL, NULL),
(146, NULL, 7, 1, '1', 7, 14, 'Imprévus', 'Famille', '271.94', '', 'EUR', '271.94', '2024-08-01 00:00:00', NULL, NULL),
(147, NULL, 7, 1, '1', 1, 5, 'Charge fixe', 'Freebox', '34.99', '', 'EUR', '34.99', '2024-08-31 00:00:00', NULL, NULL),
(148, NULL, 7, 2, '2', 2, 2, '2', '2', '2433.00', '', 'EUR', '2433.00', '2024-08-01 00:00:00', NULL, NULL),
(149, NULL, 7, 1, '1', 1, 3, 'Charge fixe', 'Électricité', '30.16', '', 'EUR', '30.16', '2024-09-01 00:00:00', NULL, NULL),
(150, NULL, 7, 1, '1', 1, 4, 'Charge fixe', 'Assurance habitation', '17.25', '', 'EUR', '17.25', '2024-09-01 00:00:00', NULL, NULL),
(151, NULL, 7, 1, '1', 1, 23, 'Charge fixe', 'Lessives et autres', '46.24', '', 'EUR', '46.24', '2024-09-01 00:00:00', NULL, NULL),
(152, NULL, 7, 1, '1', 1, 6, 'Charge fixe', 'Free Mobile', '15.99', '', 'EUR', '15.99', '2024-09-01 00:00:00', NULL, NULL),
(153, NULL, 7, 1, '1', 3, 8, 'Nourriture & Santé', 'Sodexo', '100.00', '', 'EUR', '100.00', '2024-09-01 00:00:00', NULL, NULL),
(154, NULL, 7, 1, '1', 3, 7, 'Nourriture & Santé', 'Courses', '170.77', '', 'EUR', '170.77', '2024-09-01 00:00:00', NULL, NULL),
(155, NULL, 7, 1, '1', 1, 9, 'Charge fixe', 'Transport', '35.85', '', 'EUR', '35.85', '2024-09-01 00:00:00', NULL, NULL),
(156, NULL, 7, 1, '1', 4, 10, 'Habillement & perso', 'Habillement', '100.00', '', 'EUR', '100.00', '2024-09-01 00:00:00', NULL, NULL),
(157, NULL, 7, 1, '1', 4, 22, 'Habillement & perso', 'Perso', '13.04', '', 'EUR', '13.04', '2024-09-01 00:00:00', NULL, NULL),
(158, NULL, 7, 1, '1', 5, 11, 'Famille au Sénégal', 'Dépenses', '305.00', '', 'EUR', '305.00', '2024-09-01 00:00:00', NULL, NULL),
(159, NULL, 7, 1, '1', 5, 19, 'Famille au Sénégal', 'Mon père', '79.19', 'Analyse et médicament', 'EUR', '79.19', '2024-09-01 00:00:00', NULL, NULL),
(160, NULL, 7, 1, '1', 5, 27, 'Famille au Sénégal', 'Santé des parents', '45.73', '', 'EUR', '45.73', '2024-09-01 00:00:00', NULL, NULL),
(161, NULL, 7, 1, '1', 5, 19, 'Famille au Sénégal', 'Mon père', '45.23', '', 'EUR', '45.23', '2024-09-01 00:00:00', NULL, NULL),
(162, NULL, 7, 1, '1', 5, 27, 'Famille au Sénégal', 'Santé des parents', '153.93', '', 'EUR', '153.93', '2024-09-01 00:00:00', NULL, NULL),
(163, NULL, 7, 1, '1', 8, 18, 'Ma femme', 'Dépense', '153.93', '', 'EUR', '153.93', '2024-09-01 00:00:00', NULL, NULL),
(164, NULL, 7, 1, '1', 8, 18, 'Ma femme', 'Dépense', '63.95', '', 'EUR', '63.95', '2024-09-01 00:00:00', NULL, NULL),
(165, NULL, 7, 1, '1', 6, 12, 'Crédit', 'Crédit', '135.62', '', 'EUR', '135.62', '2024-09-01 00:00:00', NULL, NULL),
(166, NULL, 7, 1, '1', 1, 13, 'Charge fixe', 'Assurance bancaire', '6.45', '', 'EUR', '6.45', '2024-09-01 00:00:00', NULL, NULL),
(167, NULL, 7, 1, '1', 1, 1, 'Charge fixe', 'Loyer', '550.00', '', 'EUR', '550.00', '2024-09-01 00:00:00', NULL, NULL),
(168, NULL, 7, 1, '1', 7, 17, 'Imprévus', 'Autres', '32.38', '', 'EUR', '32.38', '2024-09-01 00:00:00', NULL, NULL),
(169, NULL, 7, 2, '2', 2, 26, '2', 'Participation', '1982.00', 'Avance sur participation', 'EUR', '1982.00', '2024-09-18 00:00:00', NULL, NULL),
(170, NULL, 7, 1, '1', 1, 5, 'Charge fixe', 'Freebox', '34.99', '', 'EUR', '34.99', '2024-09-30 00:00:00', NULL, NULL),
(171, NULL, 7, 1, '1', 1, 1, 'Charge fixe', 'Loyer', '550.00', '', 'EUR', '550.00', '2024-10-01 00:00:00', NULL, NULL),
(172, NULL, 7, 1, '1', 1, 4, 'Charge fixe', 'Assurance habitation', '17.25', '', 'EUR', '17.25', '2024-10-01 00:00:00', NULL, NULL),
(173, NULL, 7, 1, '1', 1, 23, 'Charge fixe', 'Lessives et autres', '32.91', '', 'EUR', '32.91', '2024-10-01 00:00:00', NULL, NULL),
(174, NULL, 7, 1, '1', 1, 5, 'Charge fixe', 'Freebox', '34.99', '', 'EUR', '34.99', '2024-10-01 00:00:00', NULL, NULL),
(175, NULL, 7, 1, '1', 1, 6, 'Charge fixe', 'Free Mobile', '15.99', '', 'EUR', '15.99', '2024-10-01 00:00:00', NULL, NULL),
(176, NULL, 7, 1, '1', 1, 9, 'Charge fixe', 'Transport', '35.85', '', 'EUR', '35.85', '2024-10-01 00:00:00', NULL, NULL),
(177, NULL, 7, 1, '1', 4, 22, 'Habillement & perso', 'Perso', '17.00', 'Coiffeur', 'EUR', '17.00', '2024-10-01 00:00:00', NULL, NULL),
(178, NULL, 7, 1, '1', 5, 11, 'Famille au Sénégal', 'Dépenses', '267.29', '', 'EUR', '267.29', '2024-10-01 00:00:00', NULL, NULL),
(179, NULL, 7, 1, '1', 5, 27, 'Famille au Sénégal', 'Santé des parents', '45.23', '', 'EUR', '45.23', '2024-10-01 00:00:00', NULL, NULL),
(180, NULL, 7, 1, '1', 5, 27, 'Famille au Sénégal', 'Santé des parents', '77.71', '', 'EUR', '77.71', '2024-10-01 00:00:00', NULL, NULL),
(181, NULL, 7, 1, '1', 5, 21, 'Famille au Sénégal', 'Scolarité Pape Sidy', '297.96', 'Frais d\'iscription Pape', 'EUR', '297.96', '2024-10-01 00:00:00', NULL, NULL),
(182, NULL, 7, 1, '1', 8, 18, 'Ma femme', 'Dépense', '153.93', '', 'EUR', '153.93', '2024-10-01 00:00:00', NULL, NULL),
(183, NULL, 7, 1, '1', 8, 18, 'Ma femme', 'Dépense', '9.11', '', 'EUR', '9.11', '2024-10-01 00:00:00', NULL, NULL),
(184, NULL, 7, 1, '1', 6, 12, 'Crédit', 'Crédit', '135.62', '', 'EUR', '135.62', '2024-10-01 00:00:00', NULL, NULL),
(185, NULL, 7, 1, '1', 1, 13, 'Charge fixe', 'Assurance bancaire', '6.45', '', 'EUR', '6.45', '2024-10-01 00:00:00', NULL, NULL),
(186, NULL, 7, 2, '2', 2, 2, '2', '2', '2433.00', '', 'EUR', '2433.00', '2024-09-01 00:00:00', NULL, NULL),
(187, NULL, 7, 1, '1', 9, 24, 'Impôts', 'Impôts', '78.00', '1er Prev', 'EUR', '78.00', '2024-10-01 00:00:00', NULL, NULL),
(188, NULL, 7, 1, '1', 4, 22, 'Habillement & perso', 'Perso', '50.00', '', 'EUR', '50.00', '2024-10-01 00:00:00', NULL, NULL),
(189, NULL, 7, 1, '1', 7, 17, 'Imprévus', 'Autres', '100.00', 'Complément CPF Permis', 'EUR', '100.00', '2024-10-02 00:00:00', NULL, NULL),
(190, NULL, 7, 1, '1', 7, 17, 'Imprévus', 'Autres', '32.91', 'Plaque de cuisson', 'EUR', '32.91', '2024-10-03 00:00:00', NULL, NULL),
(191, NULL, 7, 1, '1', 5, 334, 'Imprévus', 'Famille', '204.12', 'Astou et Nafi', 'EUR', '204.12', '2024-10-04 00:00:00', NULL, NULL),
(192, NULL, 7, 1, '1', 3, 7, 'Nourriture & Santé', 'Courses', '101.82', '', 'EUR', '101.82', '2024-10-05 00:00:00', NULL, NULL),
(193, NULL, 7, 1, '1', 1, 13, 'Charge fixe', 'Assurance bancaire', '1.80', '', 'EUR', '1.80', '2024-10-08 00:00:00', NULL, NULL),
(194, NULL, 7, 1, '1', 4, 10, 'Habillement & perso', 'Habillement', '45.94', 'Pantalon', 'EUR', '45.94', '2024-10-08 00:00:00', NULL, NULL),
(195, NULL, 7, 1, '1', 4, 10, 'Habillement & perso', 'Habillement', '64.99', 'Chaussure Nike', 'EUR', '64.99', '2024-10-09 00:00:00', NULL, NULL),
(196, NULL, 7, 1, '1', 4, 10, 'Habillement & perso', 'Habillement', '76.90', 'Chaussure Nike SB', 'EUR', '76.90', '2024-10-09 00:00:00', NULL, NULL),
(197, NULL, 7, 1, '1', 3, 7, 'Nourriture & Santé', 'Courses', '11.51', 'Uber eats', 'EUR', '11.51', '2024-10-09 00:00:00', NULL, NULL),
(198, NULL, 7, 1, '1', 1, 3, 'Charge fixe', 'Électricité', '30.16', '', 'EUR', '30.16', '2024-10-11 00:00:00', NULL, NULL),
(199, NULL, 7, 1, '1', 3, 8, 'Nourriture & Santé', 'Sodexo', '20.00', '', 'EUR', '20.00', '2024-10-14 00:00:00', NULL, NULL),
(200, NULL, 7, 1, '1', 8, 18, 'Ma femme', 'Dépense', '31.97', 'Allo Dakar', 'EUR', '31.97', '2024-10-14 00:00:00', NULL, NULL),
(201, NULL, 7, 1, '1', 5, 336, 'Imprévus', 'Autres', '31.97', 'Dentiste Bakary ', 'EUR', '31.97', '2024-10-15 00:00:00', NULL, NULL),
(202, NULL, 7, 1, '1', 4, 10, 'Habillement & perso', 'Habillement', '99.98', 'Pantalon et Pull Jack & Jones', 'EUR', '99.98', '2024-10-15 00:00:00', NULL, NULL),
(203, NULL, 7, 1, '1', 3, 7, 'Nourriture & Santé', 'Courses', '4.68', 'Carrefour Market', 'EUR', '4.68', '2024-10-16 00:00:00', NULL, NULL),
(204, NULL, 7, 1, '1', 8, 18, 'Ma femme', 'Dépense', '596.03', 'Caution', 'EUR', '596.03', '2024-10-16 00:00:00', NULL, NULL),
(205, NULL, 7, 1, '1', 3, 7, 'Nourriture & Santé', 'Courses', '29.90', 'Resto entre collègue', 'EUR', '29.90', '2024-10-17 00:00:00', NULL, NULL),
(206, NULL, 7, 1, '1', 5, 19, 'Imprévus', 'Autres', '9.11', 'Mon père', 'EUR', '9.11', '2024-10-19 00:00:00', NULL, NULL),
(207, NULL, 7, 1, '1', 5, 334, 'Famille au Sénégal', 'Santé des parents', '31.97', 'Yaye Nafi', 'EUR', '31.97', '2024-10-21 00:00:00', NULL, NULL),
(208, NULL, 7, 1, '1', 3, 8, 'Nourriture & Santé', 'Sodexo', '20.00', '', 'EUR', '20.00', '2024-10-22 00:00:00', NULL, NULL),
(209, NULL, 7, 1, '1', 3, 7, 'Nourriture & Santé', 'Courses', '20.06', '', 'EUR', '20.06', '2024-10-24 00:00:00', NULL, NULL),
(210, NULL, 7, 1, '1', 7, 17, 'Imprévus', 'Autres', '25.00', 'Timbre fiscal pour retrait titre de séjour', 'EUR', '25.00', '2024-10-24 00:00:00', NULL, NULL),
(211, NULL, 7, 1, '1', 9, 24, 'Impôts', 'Impôts', '78.00', '2e Prev ', 'EUR', '78.00', '2024-10-26 00:00:00', NULL, NULL),
(212, NULL, 7, 1, '1', 4, 22, 'Habillement & perso', 'Perso', '90.87', 'Mauvaise gestion', 'EUR', '90.87', '2024-10-26 00:00:00', NULL, NULL),
(213, NULL, 7, 1, '1', 4, 22, 'Habillement & perso', 'Perso', '50.00', '', 'EUR', '50.00', '2024-10-31 00:00:00', NULL, NULL),
(214, NULL, 7, 1, '1', 1, 1, 'Charge fixe', 'Loyer', '550.00', '', 'EUR', '550.00', '2024-11-01 00:00:00', NULL, NULL),
(215, NULL, 7, 1, '1', 6, 12, 'Crédit', 'Crédit', '133.12', 'Dernière mensualité', 'EUR', '133.12', '2024-11-01 00:00:00', NULL, NULL),
(216, NULL, 7, 1, '1', 5, 21, 'Famille au Sénégal', 'Scolarité Pape Sidy', '53.35', '', 'EUR', '53.35', '2024-11-01 00:00:00', NULL, NULL),
(217, NULL, 7, 1, '1', 5, 28, 'Famille au Sénégal', 'Scolarité Mère Wane', '41.16', '', 'EUR', '41.16', '2024-11-01 00:00:00', NULL, NULL),
(218, NULL, 7, 1, '1', 5, 29, 'Famille au Sénégal', 'Scolarité Mamadou', '38.11', '', 'EUR', '38.11', '2024-11-01 00:00:00', NULL, NULL),
(219, NULL, 7, 1, '1', 4, 22, '4', '22', '152.44', 'Sarakh pour Ouli ', 'EUR', '152.44', '2024-11-01 00:00:00', NULL, NULL),
(220, NULL, 7, 1, '1', 1, 1, 'Charge fixe', 'Loyer', '98.00', 'taxes ordures ménagères', 'EUR', '98.00', '2024-11-01 00:00:00', NULL, NULL),
(221, NULL, 7, 1, '1', 4, 10, 'Habillement & perso', 'Habillement', '53.25', 'Chaussure Vans', 'EUR', '53.25', '2024-11-01 00:00:00', NULL, NULL),
(222, NULL, 7, 1, '1', 1, 23, 'Charge fixe', 'Lessives et autres', '7.99', ' Produit nettoyage : STARWAX THE FABULOUS', 'EUR', '7.99', '2024-11-01 00:00:00', NULL, NULL),
(223, NULL, 7, 1, '1', 7, 17, 'Imprévus', 'Autres', '15.99', 'Détecteur de fumée', 'EUR', '15.99', '2024-11-01 00:00:00', NULL, NULL),
(224, NULL, 7, 2, '2', 2, 2, '2', '2', '2395.70', '', 'EUR', '2395.70', '2024-10-01 00:00:00', NULL, NULL),
(225, NULL, 7, 1, '1', 5, 11, 'Famille au Sénégal', 'Dépenses', '260.65', '', 'EUR', '260.65', '2024-11-01 00:00:00', NULL, NULL),
(226, NULL, 7, 1, '1', 3, 8, 'Nourriture & Santé', 'Sodexo', '75.00', '', 'EUR', '75.00', '2024-11-01 00:00:00', NULL, NULL),
(227, NULL, 7, 1, '1', 5, 20, 'Famille au Sénégal', 'Tante Alimatou', '153.93', '', 'EUR', '153.93', '2024-11-01 00:00:00', NULL, NULL),
(228, NULL, 7, 1, '1', 3, 7, 'Nourriture & Santé', 'Courses', '24.72', '', 'EUR', '24.72', '2024-11-01 00:00:00', NULL, NULL),
(229, NULL, 7, 1, '1', 8, 18, 'Ma femme', 'Dépense', '254.55', 'Dépense + DHL', 'EUR', '254.55', '2024-11-01 00:00:00', NULL, NULL),
(230, NULL, 7, 1, '1', 5, 341, 'Imprévus', 'Famille', '16.73', 'Père Diassy', 'EUR', '16.73', '2024-11-01 00:00:00', NULL, NULL),
(231, NULL, 7, 1, '1', 3, 7, 'Nourriture & Santé', 'Courses', '20.56', '', 'EUR', '20.56', '2024-11-02 00:00:00', NULL, NULL),
(232, NULL, 7, 1, '1', 5, 333, 'Imprévus', 'Famille', '16.73', 'Pape Sidy', 'EUR', '16.73', '2024-11-02 00:00:00', NULL, NULL),
(233, NULL, 7, 1, '1', 1, 3, 'Charge fixe', 'Électricité', '30.16', '', 'EUR', '30.16', '2024-11-05 00:00:00', NULL, NULL),
(234, NULL, 7, 1, '1', 1, 4, 'Charge fixe', 'Assurance habitation', '17.25', '', 'EUR', '17.25', '2024-11-05 00:00:00', NULL, NULL),
(235, NULL, 7, 1, '1', 1, 5, 'Charge fixe', 'Freebox', '49.00', 'Frais de résiliation freebox', 'EUR', '49.00', '2024-11-05 00:00:00', NULL, NULL),
(236, NULL, 7, 1, '1', 7, 17, 'Imprévus', 'Autres', '33.26', 'Cartouche imprimente', 'EUR', '33.26', '2024-11-05 00:00:00', NULL, NULL),
(237, NULL, 7, 1, '1', 1, 6, 'Charge fixe', 'Free Mobile', '15.99', '', 'EUR', '15.99', '2024-11-07 00:00:00', NULL, NULL),
(238, NULL, 7, 1, '1', 5, 334, 'Famille au Sénégal', 'Santé des parents', '24.35', 'Yaye Nafi', 'EUR', '24.35', '2024-11-07 00:00:00', NULL, NULL),
(239, NULL, 7, 1, '1', 3, 7, 'Nourriture & Santé', 'Courses', '3.60', '', 'EUR', '3.60', '2024-11-07 00:00:00', NULL, NULL),
(240, NULL, 7, 1, '1', 1, 13, 'Charge fixe', 'Assurance bancaire', '8.25', '', 'EUR', '8.25', '2024-11-08 00:00:00', NULL, NULL),
(241, NULL, 7, 1, '1', 5, 333, 'Imprévus', 'Famille', '9.11', 'Pape Sidy', 'EUR', '9.11', '2024-11-08 00:00:00', NULL, NULL),
(242, NULL, 7, 1, '1', 5, 336, 'Imprévus', 'Famille', '16.73', 'Bakary', 'EUR', '16.73', '2024-11-08 00:00:00', NULL, NULL),
(243, NULL, 7, 1, '1', 10, 30, 'Construction Maison des parents', 'Fondation', '2288.21', '1er versement', 'EUR', '2288.21', '2024-11-10 00:00:00', NULL, NULL),
(244, NULL, 7, 1, '1', 10, 30, 'Construction Maison des parents', 'Fondation', '138.91', 'Permis de construire', 'EUR', '138.91', '2024-11-10 00:00:00', NULL, NULL),
(245, NULL, 7, 1, '1', 1, 9, 'Charge fixe', 'Transport', '35.85', '', 'EUR', '35.85', '2024-11-11 00:00:00', NULL, NULL),
(246, NULL, 7, 1, '1', 5, 335, 'Imprévus', 'Famille', '230.16', 'Poullailler Yami', 'EUR', '230.16', '2024-11-11 00:00:00', NULL, NULL),
(247, NULL, 7, 1, '1', 3, 7, 'Nourriture & Santé', 'Courses', '8.58', '', 'EUR', '8.58', '2024-11-12 00:00:00', NULL, NULL),
(248, NULL, 7, 1, '1', 7, 17, 'Imprévus', 'Autres', '77.71', 'Ndiasse Gueye', 'EUR', '77.71', '2024-11-13 00:00:00', NULL, NULL),
(249, NULL, 7, 1, '1', 5, 334, 'Imprévus', 'Famille', '47.22', 'Nafi', 'EUR', '47.22', '2024-11-15 00:00:00', NULL, NULL),
(250, NULL, 7, 1, '1', 4, 22, 'Habillement & perso', 'Perso', '100.00', '', 'EUR', '100.00', '2024-11-15 00:00:00', NULL, NULL),
(251, NULL, 7, 1, '1', 3, 7, 'Nourriture & Santé', 'Courses', '21.00', '', 'EUR', '21.00', '2024-11-16 00:00:00', NULL, NULL),
(252, NULL, 7, 1, '1', 3, 7, 'Nourriture & Santé', 'Courses', '100.00', '', 'EUR', '100.00', '2024-11-17 00:00:00', NULL, NULL),
(253, NULL, 7, 1, '1', 5, 335, 'Imprévus', 'Famille', '59.42', 'Poullailler Yami', 'EUR', '59.42', '2024-11-19 00:00:00', NULL, NULL),
(254, NULL, 7, 1, '1', 5, 336, 'Imprévus', 'Famille', '24.35', 'Bakary médicament', 'EUR', '24.35', '2024-11-20 00:00:00', NULL, NULL),
(255, NULL, 7, 1, '1', 5, 336, 'Imprévus', 'Famille', '19.79', 'Bakary Ordonnance', 'EUR', '19.79', '2024-11-21 00:00:00', NULL, NULL),
(256, NULL, 7, 1, '1', 4, 22, 'Habillement & perso', 'Perso', '75.00', 'Bureau pour télétravaille', 'EUR', '75.00', '2024-11-22 00:00:00', NULL, NULL),
(257, NULL, 7, 1, '1', 1, 23, 'Charge fixe', 'Lessives et autres', '25.00', '', 'EUR', '25.00', '2024-11-22 00:00:00', NULL, NULL),
(258, NULL, 7, 1, '1', 9, 24, 'Impôts', 'Impôts', '78.00', '3e Prev', 'EUR', '78.00', '2024-11-26 00:00:00', NULL, NULL),
(259, NULL, 7, 1, '1', 3, 7, 'Nourriture & Santé', 'Courses', '7.23', 'Tacos', 'EUR', '7.23', '2024-11-26 00:00:00', NULL, NULL),
(260, NULL, 7, 1, '1', 1, 1, 'Charge fixe', 'Loyer', '550.00', '', 'EUR', '550.00', '2024-12-01 00:00:00', NULL, NULL),
(261, NULL, 7, 1, '1', 8, 18, 'Ma femme', 'Dépense', '184.42', '', 'EUR', '184.42', '2024-12-01 00:00:00', NULL, NULL),
(262, NULL, 7, 1, '1', 8, 18, 'Ma femme', 'Dépense', '230.16', 'Loyer', 'EUR', '230.16', '2024-12-01 00:00:00', NULL, NULL),
(263, NULL, 7, 1, '1', 1, 1, 'Charge fixe', 'Loyer', '10.00', 'Quittance envoie Laposte', 'EUR', '10.00', '2024-12-01 00:00:00', NULL, NULL),
(264, NULL, 7, 1, '1', 5, 21, 'Famille au Sénégal', 'Scolarité Pape Sidy', '53.35', '', 'EUR', '53.35', '2024-12-01 00:00:00', NULL, NULL),
(265, NULL, 7, 1, '1', 5, 28, 'Famille au Sénégal', 'Scolarité Mère Wane', '41.16', '', 'EUR', '41.16', '2024-12-01 00:00:00', NULL, NULL),
(266, NULL, 7, 1, '1', 5, 29, 'Famille au Sénégal', 'Scolarité Mamadou', '38.11', '', 'EUR', '38.11', '2024-12-01 00:00:00', NULL, NULL),
(267, NULL, 7, 1, '1', 5, 11, 'Famille au Sénégal', 'Dépenses', '260.65', '', 'EUR', '260.65', '2024-12-01 00:00:00', NULL, NULL),
(268, NULL, 7, 1, '1', 3, 8, 'Nourriture & Santé', 'Sodexo', '70.00', '', 'EUR', '70.00', '2024-12-01 00:00:00', NULL, NULL),
(269, NULL, 7, 2, '2', 2, 2, '2', '2', '2395.70', '', 'EUR', '2395.70', '2024-11-01 00:00:00', NULL, NULL),
(270, NULL, 7, 1, '1', 3, 7, 'Nourriture & Santé', 'Courses', '12.56', '', 'EUR', '12.56', '2024-12-01 00:00:00', NULL, NULL),
(271, NULL, 7, 1, '1', 3, 7, 'Nourriture & Santé', 'Courses', '50.74', '', 'EUR', '50.74', '2024-12-02 00:00:00', NULL, NULL),
(272, NULL, 7, 1, '1', 10, 30, 'Construction Maison des parents', 'Fondation', '53.36', 'Permis de construire', 'EUR', '53.36', '2024-12-02 00:00:00', NULL, NULL),
(273, NULL, 7, 1, '1', 5, 336, 'Imprévus', 'Famille', '13.68', 'Bakary', 'EUR', '13.68', '2024-12-02 00:00:00', NULL, NULL),
(274, NULL, 7, 1, '1', 8, 18, 'Ma femme', 'Dépense', '31.97', '', 'EUR', '31.97', '2024-12-02 00:00:00', NULL, NULL),
(275, NULL, 7, 1, '1', 5, 346, 'Imprévus', 'Famille', '19.78', 'Scolarité Mohamed Diassy', 'EUR', '19.78', '2024-12-02 00:00:00', NULL, NULL),
(276, NULL, 7, 1, '1', 8, 18, 'Ma femme', 'Dépense', '16.73', '', 'EUR', '16.73', '2024-12-03 00:00:00', NULL, NULL),
(277, NULL, 7, 1, '1', 8, 18, 'Ma femme', 'Dépense', '83.03', '', 'EUR', '83.03', '2024-12-04 00:00:00', NULL, NULL),
(278, NULL, 7, 1, '1', 3, 7, 'Nourriture & Santé', 'Courses', '8.08', '', 'EUR', '8.08', '2024-12-04 00:00:00', NULL, NULL),
(279, NULL, 7, 1, '1', 5, 19, 'Imprévus', 'Famille', '24.35', 'Mes parents', 'EUR', '24.35', '2024-12-04 00:00:00', NULL, NULL),
(280, NULL, 7, 1, '1', 1, 3, 'Charge fixe', 'Électricité', '30.16', '', 'EUR', '30.16', '2024-12-05 00:00:00', NULL, NULL),
(281, NULL, 7, 1, '1', 1, 6, 'Charge fixe', 'Free Mobile', '15.99', '', 'EUR', '15.99', '2024-12-05 00:00:00', NULL, NULL),
(282, NULL, 7, 1, '1', 1, 13, 'Charge fixe', 'Assurance bancaire', '8.25', '', 'EUR', '8.25', '2024-12-05 00:00:00', NULL, NULL),
(283, NULL, 7, 1, '1', 4, 22, 'Habillement & perso', 'Perso', '13.28', 'Complément achar bureau amazon', 'EUR', '13.28', '2024-12-05 00:00:00', NULL, NULL),
(284, NULL, 7, 1, '1', 5, 334, 'Famille au Sénégal', 'Santé des parents', '31.97', 'Médicament Yaye Nafi', 'EUR', '31.97', '2024-12-06 00:00:00', NULL, NULL),
(285, NULL, 7, 1, '1', 1, 4, 'Charge fixe', 'Assurance habitation', '17.25', '', 'EUR', '17.25', '2024-12-07 00:00:00', NULL, NULL),
(286, NULL, 7, 1, '1', 4, 22, 'Habillement & perso', 'Perso', '300.00', '', 'EUR', '300.00', '2024-12-07 00:00:00', NULL, NULL),
(287, NULL, 7, 1, '1', 1, 9, 'Charge fixe', 'Transport', '35.85', '', 'EUR', '35.85', '2024-12-11 00:00:00', NULL, NULL),
(288, NULL, 7, 1, '1', 9, 24, 'Impôts', 'Impôts', '81.00', '4e Prev', 'EUR', '81.00', '2024-12-26 00:00:00', NULL, NULL),
(289, NULL, 7, 1, '1', 1, 1, 'Charge fixe', 'Loyer', '550.00', '', 'EUR', '550.00', '2025-01-01 00:00:00', NULL, NULL),
(290, NULL, 7, 1, '1', 5, 28, 'Famille au Sénégal', 'Scolarité Mère Wane', '41.16', '', 'EUR', '41.16', '2025-01-01 00:00:00', NULL, NULL),
(291, NULL, 7, 1, '1', 5, 21, 'Famille au Sénégal', 'Scolarité Pape Sidy', '53.35', '', 'EUR', '53.35', '2025-01-02 00:00:00', NULL, NULL),
(292, NULL, 7, 1, '1', 8, 18, 'Ma femme', 'Dépense', '428.34', '', 'EUR', '428.34', '2025-01-02 00:00:00', NULL, NULL),
(294, NULL, 7, 1, '1', 5, 11, 'Famille au Sénégal', 'Dépenses', '260.65', '', 'EUR', '260.65', '2025-01-02 00:00:00', NULL, NULL),
(295, NULL, 7, 1, '1', 1, 3, 'Charge fixe', 'Électricité', '30.16', '', 'EUR', '30.16', '2025-01-02 00:00:00', NULL, NULL),
(296, NULL, 7, 1, '1', 1, 4, 'Charge fixe', 'Assurance habitation', '17.25', '', 'EUR', '17.25', '2025-01-02 00:00:00', NULL, NULL),
(297, NULL, 7, 1, '1', 1, 9, 'Charge fixe', 'Transport', '35.85', '', 'EUR', '35.85', '2025-01-02 00:00:00', NULL, NULL),
(298, NULL, 7, 1, '1', 1, 5, 'Charge fixe', 'Freebox', '15.99', '', 'EUR', '15.99', '2025-01-02 00:00:00', NULL, NULL),
(299, NULL, 7, 1, '1', 1, 13, 'Charge fixe', 'Assurance bancaire', '8.25', '', 'EUR', '8.25', '2025-01-02 00:00:00', NULL, NULL),
(300, NULL, 7, 1, '1', 3, 8, 'Nourriture & Santé', 'Sodexo', '80.00', '', 'EUR', '80.00', '2025-01-02 00:00:00', NULL, NULL),
(301, NULL, 7, 1, '1', 5, 29, 'Famille au Sénégal', 'Scolarité Mamadou', '38.11', '', 'EUR', '38.11', '2025-01-02 00:00:00', NULL, NULL),
(302, NULL, 7, 1, '1', 5, 346, 'Imprévus', 'Famille', '19.78', 'Scolarité Mohamed Diassy', 'EUR', '19.78', '2025-01-02 00:00:00', NULL, NULL),
(303, NULL, 7, 1, 'expense', 5, 28, 'Famille SN', 'Scolarité Mère Wane', '41.16', NULL, 'EUR', '41.16', '2025-01-28 19:00:00', NULL, NULL),
(304, NULL, 7, 1, '1', 5, 21, 'Famille au Sénégal', 'Scolarité Pape Sidy', '53.35', '', 'EUR', '53.35', '2025-02-02 00:00:00', NULL, NULL),
(305, NULL, 7, 1, '1', 8, 18, 'Ma femme', 'Dépense', '428.34', '', 'EUR', '428.34', '2025-02-02 00:00:00', NULL, NULL),
(306, NULL, 7, 2, '2', 2, 2, '2', '2', '2395.30', '', 'EUR', '2395.30', '2025-01-01 00:00:00', NULL, NULL),
(307, NULL, 7, 1, '1', 5, 11, 'Famille au Sénégal', 'Dépenses', '260.65', '', 'EUR', '260.65', '2025-02-02 00:00:00', NULL, NULL),
(308, NULL, 7, 1, 'expense', 1, 1, 'Charge fixe', 'Loyer', '550.00', NULL, 'EUR', '550.00', '2025-01-29 09:00:00', NULL, NULL),
(309, NULL, 7, 1, '1', 1, 3, 'Charge fixe', 'Électricité', '30.16', '', 'EUR', '30.16', '2025-02-02 00:00:00', NULL, NULL),
(310, NULL, 7, 1, '1', 1, 4, 'Charge fixe', 'Assurance habitation', '17.25', '', 'EUR', '17.25', '2025-02-02 00:00:00', NULL, NULL),
(311, NULL, 7, 1, '1', 1, 9, 'Charge fixe', 'Transport', '35.85', '', 'EUR', '35.85', '2025-02-02 00:00:00', NULL, NULL),
(312, NULL, 7, 1, '1', 1, 5, 'Charge fixe', 'Freebox', '15.99', '', 'EUR', '15.99', '2025-02-02 00:00:00', NULL, NULL),
(313, NULL, 7, 1, '1', 1, 13, 'Charge fixe', 'Assurance bancaire', '8.25', '', 'EUR', '8.25', '2025-02-02 00:00:00', NULL, NULL),
(314, NULL, 7, 1, '1', 3, 8, 'Nourriture & Santé', 'Sodexo', '80.00', '', 'EUR', '80.00', '2025-02-02 00:00:00', NULL, NULL),
(315, NULL, 7, 1, '1', 5, 29, 'Famille au Sénégal', 'Scolarité Mamadou', '38.11', '', 'EUR', '38.11', '2025-02-02 00:00:00', NULL, NULL),
(316, NULL, 7, 2, '2', 2, 16, '2', '16', '900.00', 'Rachat RTT', 'EUR', '900.00', '2025-01-01 00:00:00', NULL, NULL),
(317, NULL, 7, 1, '1', 5, 346, 'Imprévus', 'Famille', '19.78', 'Scolarité Mohamed Diassy', 'EUR', '19.78', '2025-02-02 00:00:00', NULL, NULL),
(318, NULL, 7, 1, '1', 5, 28, 'Famille au Sénégal', 'Scolarité Mère Wane', '41.16', '', 'EUR', '41.16', '2025-03-01 00:00:00', NULL, NULL),
(319, NULL, 7, 1, '1', 5, 21, 'Famille au Sénégal', 'Scolarité Pape Sidy', '53.35', '', 'EUR', '53.35', '2025-03-02 00:00:00', NULL, NULL),
(320, NULL, 7, 1, '1', 8, 18, 'Ma femme', 'Dépense', '428.34', '', 'EUR', '428.34', '2025-03-02 00:00:00', NULL, NULL),
(321, NULL, 7, 2, '2', 2, 2, '2', '2', '2491.00', '', 'EUR', '2491.00', '2025-02-01 00:00:00', NULL, NULL),
(322, NULL, 7, 1, '1', 5, 11, 'Famille au Sénégal', 'Dépenses', '992.36', 'Caution location + dépense', 'EUR', '992.36', '2025-03-02 00:00:00', NULL, NULL),
(323, NULL, 7, 1, '1', 1, 1, 'Charge fixe', 'Loyer', '550.00', '', 'EUR', '550.00', '2025-03-02 00:00:00', NULL, NULL),
(324, NULL, 7, 1, '1', 1, 3, 'Charge fixe', 'Électricité', '30.16', '', 'EUR', '30.16', '2025-03-02 00:00:00', NULL, NULL),
(325, NULL, 7, 1, '1', 1, 4, 'Charge fixe', 'Assurance habitation', '17.25', '', 'EUR', '17.25', '2025-03-02 00:00:00', NULL, NULL),
(326, NULL, 7, 1, '1', 1, 9, 'Charge fixe', 'Transport', '35.85', '', 'EUR', '35.85', '2025-03-02 00:00:00', NULL, NULL),
(327, NULL, 7, 1, '1', 1, 5, 'Charge fixe', 'Freebox', '15.99', '', 'EUR', '15.99', '2025-03-02 00:00:00', NULL, NULL),
(328, NULL, 7, 1, '1', 1, 13, 'Charge fixe', 'Assurance bancaire', '8.25', '', 'EUR', '8.25', '2025-03-02 00:00:00', NULL, NULL),
(329, NULL, 7, 1, '1', 3, 7, 'Nourriture & Santé', 'Courses', '73.37', ' Reste à dépenser ', 'EUR', '73.37', '2025-03-02 00:00:00', NULL, NULL),
(330, NULL, 7, 1, '1', 3, 8, 'Nourriture & Santé', 'Sodexo', '80.00', '', 'EUR', '80.00', '2025-03-02 00:00:00', NULL, NULL),
(331, NULL, 7, 1, '1', 5, 29, 'Famille au Sénégal', 'Scolarité Mamadou', '38.11', '', 'EUR', '38.11', '2025-03-02 00:00:00', NULL, NULL),
(332, NULL, 7, 1, '1', 5, 346, 'Imprévus', 'Famille', '19.78', 'Scolarité Mohamed Diassy', 'EUR', '19.78', '2025-03-02 00:00:00', NULL, NULL),
(333, NULL, 7, 1, '1', 5, 28, 'Famille au Sénégal', 'Scolarité Mère Wane', '41.16', '', 'EUR', '41.16', '2025-04-01 00:00:00', NULL, NULL),
(334, NULL, 7, 1, '1', 5, 21, 'Famille au Sénégal', 'Scolarité Pape Sidy', '53.35', '', 'EUR', '53.35', '2025-04-01 00:00:00', NULL, NULL),
(335, NULL, 7, 1, '1', 8, 18, 'Ma femme', 'Dépense', '428.34', '', 'EUR', '428.34', '2025-04-01 00:00:00', NULL, NULL),
(336, NULL, 7, 2, '2', 2, 2, '2', '2', '2463.30', '', 'EUR', '2463.30', '2025-03-01 00:00:00', NULL, NULL),
(337, NULL, 7, 1, '1', 5, 11, 'Famille au Sénégal', 'Dépenses', '474.00', '', 'EUR', '474.00', '2025-04-01 00:00:00', NULL, NULL),
(338, NULL, 7, 1, '1', 1, 1, 'Charge fixe', 'Loyer', '550.00', '', 'EUR', '550.00', '2025-04-01 00:00:00', NULL, NULL),
(339, NULL, 7, 1, '1', 1, 3, 'Charge fixe', 'Électricité', '30.16', '', 'EUR', '30.16', '2025-04-01 00:00:00', NULL, NULL),
(340, NULL, 7, 1, '1', 1, 4, 'Charge fixe', 'Assurance habitation', '17.25', '', 'EUR', '17.25', '2025-04-01 00:00:00', NULL, NULL),
(341, NULL, 7, 1, '1', 1, 9, 'Charge fixe', 'Transport', '35.85', '', 'EUR', '35.85', '2025-04-01 00:00:00', NULL, NULL),
(342, NULL, 7, 1, '1', 1, 5, 'Charge fixe', 'Freebox', '15.99', '', 'EUR', '15.99', '2025-04-01 00:00:00', NULL, NULL),
(343, NULL, 7, 1, '1', 1, 13, 'Charge fixe', 'Assurance bancaire', '8.25', '', 'EUR', '8.25', '2025-04-01 00:00:00', NULL, NULL),
(344, NULL, 7, 1, '1', 3, 7, 'Nourriture & Santé', 'Courses', '0.00', '', 'EUR', '0.00', '2025-04-01 00:00:00', NULL, NULL),
(345, NULL, 7, 1, '1', 3, 8, 'Nourriture & Santé', 'Sodexo', '80.00', '', 'EUR', '80.00', '2025-04-01 00:00:00', NULL, NULL),
(346, NULL, 7, 1, '1', 5, 29, 'Famille au Sénégal', 'Scolarité Mamadou', '38.11', '', 'EUR', '38.11', '2025-04-01 00:00:00', NULL, NULL),
(347, NULL, 7, 1, '1', 5, 346, 'Imprévus', 'Famille', '19.78', 'Scolarité Mohamed Diassy', 'EUR', '19.78', '2025-04-01 00:00:00', NULL, NULL),
(348, NULL, 7, 1, '1', 5, 28, 'Famille au Sénégal', 'Scolarité Mère Wane', '41.16', '', 'EUR', '41.16', '2025-05-01 00:00:00', NULL, NULL),
(349, NULL, 7, 1, '1', 5, 21, 'Famille au Sénégal', 'Scolarité Pape Sidy', '53.35', '', 'EUR', '53.35', '2025-05-01 00:00:00', NULL, NULL),
(350, NULL, 7, 1, '1', 8, 18, 'Ma femme', 'Dépense', '428.34', '', 'EUR', '428.34', '2025-05-01 00:00:00', NULL, NULL),
(351, NULL, 7, 2, '2', 2, 2, '2', '2', '2411.00', '', 'EUR', '2411.00', '2025-04-01 00:00:00', NULL, NULL),
(352, NULL, 7, 1, '1', 5, 11, 'Famille au Sénégal', 'Dépenses', '474.00', '', 'EUR', '474.00', '2025-05-01 00:00:00', NULL, NULL),
(353, NULL, 7, 1, '1', 1, 1, 'Charge fixe', 'Loyer', '550.00', '', 'EUR', '550.00', '2025-05-01 00:00:00', NULL, NULL),
(354, NULL, 7, 1, '1', 1, 3, 'Charge fixe', 'Électricité', '30.16', '', 'EUR', '30.16', '2025-05-01 00:00:00', NULL, NULL),
(355, NULL, 7, 1, '1', 1, 4, 'Charge fixe', 'Assurance habitation', '17.25', '', 'EUR', '17.25', '2025-05-01 00:00:00', NULL, NULL),
(356, NULL, 7, 1, '1', 1, 9, 'Charge fixe', 'Transport', '35.85', '', 'EUR', '35.85', '2025-05-01 00:00:00', NULL, NULL),
(357, NULL, 7, 1, '1', 1, 5, 'Charge fixe', 'Freebox', '15.99', '', 'EUR', '15.99', '2025-05-01 00:00:00', NULL, NULL),
(358, NULL, 7, 1, '1', 1, 13, 'Charge fixe', 'Assurance bancaire', '8.25', '', 'EUR', '8.25', '2025-05-01 00:00:00', NULL, NULL),
(359, NULL, 7, 1, '1', 3, 8, 'Nourriture & Santé', 'Sodexo', '60.00', '75€', 'EUR', '60.00', '2025-05-01 00:00:00', NULL, NULL),
(360, NULL, 7, 1, '1', 5, 29, 'Famille au Sénégal', 'Scolarité Mamadou', '38.11', '', 'EUR', '38.11', '2025-05-01 00:00:00', NULL, NULL),
(361, NULL, 7, 1, 'Epargne', 13, 353, 'Objectif', 'Tontine', '78.00', 'Tontine 3', 'EUR', '78.00', '2025-05-01 13:00:00', NULL, NULL),
(362, NULL, 7, 1, '1', 5, 346, 'Imprévus', 'Famille', '19.78', 'Scolarité Mohamed Diassy', 'EUR', '19.78', '2025-05-01 00:00:00', NULL, NULL),
(363, NULL, 7, 1, '1', 5, 28, 'Famille au Sénégal', 'Scolarité Mère Wane', '41.16', '', 'EUR', '41.16', '2025-06-01 00:00:00', NULL, NULL),
(364, NULL, 7, 1, '1', 5, 21, 'Famille au Sénégal', 'Scolarité Pape Sidy', '53.35', '', 'EUR', '53.35', '2025-06-01 00:00:00', NULL, NULL),
(365, NULL, 7, 2, '2', 2, 2, '2', '2', '2412.00', '', 'EUR', '2412.00', '2025-05-01 00:00:00', NULL, NULL),
(366, NULL, 7, 1, '1', 5, 11, 'Famille au Sénégal', 'Dépenses', '474.00', '', 'EUR', '474.00', '2025-06-01 00:00:00', NULL, NULL),
(367, NULL, 7, 1, '1', 1, 3, 'Charge fixe', 'Électricité', '30.16', '', 'EUR', '30.16', '2025-06-01 00:00:00', NULL, NULL),
(368, NULL, 7, 1, '1', 1, 4, 'Charge fixe', 'Assurance habitation', '17.25', '', 'EUR', '17.25', '2025-06-01 00:00:00', NULL, NULL),
(369, NULL, 7, 1, '1', 1, 9, 'Charge fixe', 'Transport', '35.85', '', 'EUR', '35.85', '2025-06-01 00:00:00', NULL, NULL),
(370, NULL, 7, 1, '1', 1, 5, 'Charge fixe', 'Freebox', '15.99', '', 'EUR', '15.99', '2025-06-01 00:00:00', NULL, NULL),
(371, NULL, 7, 1, '1', 1, 13, 'Charge fixe', 'Assurance bancaire', '8.25', '', 'EUR', '8.25', '2025-06-01 00:00:00', NULL, NULL),
(372, NULL, 7, 1, '1', 3, 7, 'Nourriture & Santé', 'Courses', '83.23', '', 'EUR', '83.23', '2025-06-01 00:00:00', NULL, NULL),
(373, NULL, 7, 1, '1', 3, 8, 'Nourriture & Santé', 'Sodexo', '80.00', '', 'EUR', '80.00', '2025-06-01 00:00:00', NULL, NULL),
(374, NULL, 7, 1, '1', 5, 29, 'Famille au Sénégal', 'Scolarité Mamadou', '38.11', '', 'EUR', '38.11', '2025-06-01 00:00:00', NULL, NULL),
(375, NULL, 7, 1, 'Epargne', 13, 353, 'Objectif', 'Tontine', '80.00', 'Tontine 4', 'EUR', '80.00', '2025-06-02 15:00:00', NULL, NULL),
(376, NULL, 7, 1, '1', 5, 346, 'Imprévus', 'Famille', '38.08', 'Scolarité Mohamed Diassy - fin 2025', 'EUR', '38.08', '2025-06-01 00:00:00', NULL, NULL),
(377, NULL, 7, 1, '1', 1, 1, 'Charge fixe', 'Loyer', '550.00', '', 'EUR', '550.00', '2025-06-02 00:00:00', NULL, NULL),
(378, NULL, 7, 2, '2', 2, 2, '2', '2', '2265.56', '', 'EUR', '2265.56', '2025-06-01 00:00:00', NULL, NULL),
(379, NULL, 7, 1, '1', 5, 11, 'Famille au Sénégal', 'Dépenses', '458.84', '', 'EUR', '458.84', '2025-07-01 00:00:00', NULL, NULL),
(380, NULL, 7, 1, '1', 1, 3, 'Charge fixe', 'Électricité', '26.80', '', 'EUR', '26.80', '2025-07-01 00:00:00', NULL, NULL),
(381, NULL, 7, 1, '1', 1, 4, 'Charge fixe', 'Assurance habitation', '17.25', '', 'EUR', '17.25', '2025-07-01 00:00:00', NULL, NULL),
(382, NULL, 7, 1, '1', 1, 9, 'Charge fixe', 'Transport', '35.85', '', 'EUR', '35.85', '2025-07-01 00:00:00', NULL, NULL),
(383, NULL, 7, 1, '1', 1, 5, 'Charge fixe', 'Freebox', '15.99', '', 'EUR', '15.99', '2025-07-01 00:00:00', NULL, NULL),
(384, NULL, 7, 1, '1', 1, 13, 'Charge fixe', 'Assurance bancaire', '8.25', '', 'EUR', '8.25', '2025-07-01 00:00:00', NULL, NULL),
(385, NULL, 7, 1, '1', 3, 7, 'Nourriture & Santé', 'Courses', '0.00', 'Mois de la hess:)', 'EUR', '0.00', '2025-07-01 00:00:00', NULL, NULL),
(386, NULL, 7, 1, '1', 3, 8, 'Nourriture & Santé', 'Sodexo', '60.00', '', 'EUR', '60.00', '2025-07-01 00:00:00', NULL, NULL),
(387, NULL, 7, 1, 'Epargne', 13, 353, 'Objectif', 'Tontine', '78.48', 'Tontine 5', 'EUR', '78.48', '2025-07-01 10:00:00', NULL, NULL),
(388, NULL, 7, 1, '1', 1, 1, 'Charge fixe', 'Loyer', '550.00', '', 'EUR', '550.00', '2025-07-02 00:00:00', NULL, NULL),
(389, NULL, 7, 2, '2', 2, 2, '2', '2', '2292.45', '', 'EUR', '2292.45', '2025-07-01 00:00:00', NULL, NULL),
(391, NULL, 7, 1, '1', 1, 3, 'Charge fixe', 'Électricité', '26.80', '', 'EUR', '26.80', '2025-08-01 00:00:00', NULL, NULL),
(392, NULL, 7, 1, '1', 1, 4, 'Charge fixe', 'Assurance habitation', '17.25', '', 'EUR', '17.25', '2025-08-01 00:00:00', NULL, NULL),
(393, NULL, 7, 1, '1', 1, 9, 'Charge fixe', 'Transport', '35.85', '', 'EUR', '35.85', '2025-08-01 00:00:00', NULL, NULL),
(394, NULL, 7, 1, '1', 1, 5, 'Charge fixe', 'Freebox', '15.99', '', 'EUR', '15.99', '2025-08-01 00:00:00', NULL, NULL),
(395, NULL, 7, 1, '1', 1, 13, 'Charge fixe', 'Assurance bancaire', '8.25', '', 'EUR', '8.25', '2025-08-01 00:00:00', NULL, NULL),
(396, NULL, 7, 1, '1', 3, 7, 'Nourriture & Santé', 'Courses', '60.00', '', 'EUR', '60.00', '2025-08-01 00:00:00', NULL, NULL),
(397, NULL, 7, 1, '1', 3, 8, 'Nourriture & Santé', 'Sodexo', '60.00', '', 'EUR', '60.00', '2025-08-01 00:00:00', NULL, NULL),
(398, NULL, 7, 1, 'Epargne', 13, 353, 'Objectif', 'Tontine', '78.48', 'Tontine 6', 'EUR', '78.48', '2025-08-01 22:00:00', NULL, NULL),
(399, NULL, 7, 1, '1', 1, 1, 'Charge fixe', 'Loyer', '550.00', '', 'EUR', '550.00', '2025-08-02 00:00:00', NULL, NULL),
(400, NULL, 7, 2, '2', 2, 2, '2', '2', '2354.74', '', 'EUR', '2354.74', '2025-08-01 00:00:00', NULL, NULL),
(401, NULL, 7, 1, '1', 5, 11, 'Famille au Sénégal', 'Dépenses', '459.50', '', 'EUR', '459.50', '2025-09-01 00:00:00', NULL, NULL),
(402, NULL, 7, 1, '1', 1, 3, 'Charge fixe', 'Électricité', '30.16', '', 'EUR', '30.16', '2025-09-01 00:00:00', NULL, NULL),
(403, NULL, 7, 1, '1', 1, 4, 'Charge fixe', 'Assurance habitation', '17.25', '', 'EUR', '17.25', '2025-09-01 00:00:00', NULL, NULL),
(404, NULL, 7, 1, '1', 1, 9, 'Charge fixe', 'Transport', '35.85', '', 'EUR', '35.85', '2025-09-01 00:00:00', NULL, NULL),
(405, NULL, 7, 1, '1', 1, 5, 'Charge fixe', 'Freebox', '15.99', '', 'EUR', '15.99', '2025-09-01 00:00:00', NULL, NULL),
(406, NULL, 7, 1, '1', 1, 13, 'Charge fixe', 'Assurance bancaire', '8.25', '', 'EUR', '8.25', '2025-09-01 00:00:00', NULL, NULL),
(408, NULL, 7, 1, '1', 3, 8, 'Nourriture & Santé', 'Sodexo', '30.00', '', 'EUR', '30.00', '2025-08-21 00:00:00', NULL, NULL),
(409, NULL, 7, 1, 'Epargne', 13, 353, 'Objectif', 'Tontine', '78.48', 'Tontine 7', 'EUR', '78.48', '2025-09-01 14:00:00', NULL, NULL),
(410, NULL, 7, 1, '1', 1, 1, 'Charge fixe', 'Loyer', '550.00', '', 'EUR', '550.00', '2025-09-02 00:00:00', NULL, NULL),
(413, NULL, 7, 1, '1', 1, 3, 'Charge fixe', 'Électricité', '26.80', '', 'EUR', '26.80', '2025-10-01 00:00:00', NULL, NULL),
(414, NULL, 7, 1, '1', 1, 4, '1', '4', '18.00', '', 'EUR', '18.00', '2025-10-01 00:00:00', NULL, NULL),
(415, NULL, 7, 1, '1', 1, 9, 'Charge fixe', 'Transport', '35.85', '', 'EUR', '35.85', '2025-10-01 00:00:00', NULL, NULL),
(416, NULL, 7, 1, '1', 1, 5, 'Charge fixe', 'Freebox', '15.99', '', 'EUR', '15.99', '2025-10-01 00:00:00', NULL, NULL),
(417, NULL, 7, 1, '1', 1, 13, 'Charge fixe', 'Assurance bancaire', '8.25', '', 'EUR', '8.25', '2025-10-01 00:00:00', NULL, NULL),
(421, NULL, 7, 1, '1', 1, 1, 'Charge fixe', 'Loyer', '550.00', '', 'EUR', '550.00', '2025-10-02 00:00:00', NULL, NULL),
(423, NULL, 7, 1, '1', 5, 11, '5', '11', '459.50', '', 'EUR', '459.50', '2025-11-02 00:00:00', NULL, NULL),
(424, NULL, 7, 1, '1', 1, 3, 'Charge fixe', 'Électricité', '26.80', '', 'EUR', '26.80', '2025-11-02 00:00:00', NULL, NULL),
(425, NULL, 7, 1, '1', 1, 4, '1', '4', '18.00', '', 'EUR', '18.00', '2025-11-02 00:00:00', NULL, NULL),
(426, NULL, 7, 1, '1', 1, 9, 'Charge fixe', 'Transport', '35.85', '', 'EUR', '35.85', '2025-11-02 00:00:00', NULL, NULL),
(427, NULL, 7, 1, '1', 1, 5, 'Charge fixe', 'Freebox', '15.99', '', 'EUR', '15.99', '2025-11-02 00:00:00', NULL, NULL),
(428, NULL, 7, 1, '1', 1, 1, 'Charge fixe', 'Loyer', '550.00', '', 'EUR', '550.00', '2025-11-02 00:00:00', NULL, NULL),
(429, NULL, 7, 1, '1', 1, 13, '1', '13', '8.25', '', 'EUR', '8.25', '2025-11-02 00:00:00', NULL, NULL),
(430, NULL, 7, 1, '1', 3, 7, '3', '7', '61.43', 'Reste à dépenser', 'EUR', '61.43', '2025-11-02 00:00:00', NULL, NULL),
(431, NULL, 7, 1, '1', 3, 8, '3', '8', '50.00', '', 'EUR', '50.00', '2025-11-02 00:00:00', NULL, NULL),
(432, NULL, 7, 1, 'Epargne', 13, 353, 'Objectif', 'Tontine', '78.48', 'Tontine 9', 'EUR', '78.48', '2025-11-01 23:00:00', NULL, NULL),
(434, NULL, 7, 1, '1', 5, 11, '5', '11', '458.08', '', 'EUR', '458.08', '2025-12-02 00:00:00', NULL, NULL),
(435, NULL, 7, 1, '1', 1, 3, 'Charge fixe', 'Électricité', '26.80', '', 'EUR', '26.80', '2025-12-02 00:00:00', NULL, NULL),
(436, NULL, 7, 1, '1', 1, 4, '1', '4', '18.00', '', 'EUR', '18.00', '2025-12-02 00:00:00', NULL, NULL),
(437, NULL, 7, 1, '1', 1, 9, 'Charge fixe', 'Transport', '35.85', '', 'EUR', '35.85', '2025-12-02 00:00:00', NULL, NULL),
(438, NULL, 7, 1, '1', 1, 5, 'Charge fixe', 'Freebox', '15.99', '', 'EUR', '15.99', '2025-12-02 00:00:00', NULL, NULL),
(439, NULL, 7, 1, '1', 1, 1, 'Charge fixe', 'Loyer', '550.00', '', 'EUR', '550.00', '2025-12-02 00:00:00', NULL, NULL),
(440, NULL, 7, 1, '1', 1, 13, 'Charge fixe', 'Assurance bancaire', '8.25', '', 'EUR', '8.25', '2025-12-02 00:00:00', NULL, NULL),
(441, NULL, 7, 1, '1', 3, 7, '3', '7', '40.06', '', 'EUR', '40.06', '2025-12-02 00:00:00', NULL, NULL),
(442, NULL, 7, 1, '1', 3, 8, '3', '8', '70.00', '', 'EUR', '70.00', '2025-12-02 00:00:00', NULL, NULL),
(443, NULL, 7, 1, 'Epargne', 13, 353, 'Objectif', 'Tontine', '78.48', 'Tontine 10', 'EUR', '78.48', '2025-12-01 23:00:00', NULL, NULL),
(444, NULL, 7, 1, '1', 3, 7, 'Nourriture & Santé', 'Courses', '6.37', '', 'EUR', '6.37', '2024-12-09 00:00:00', NULL, NULL),
(445, NULL, 7, 1, '1', 3, 7, 'Nourriture & Santé', 'Courses', '100.00', '', 'EUR', '100.00', '2024-12-01 00:00:00', NULL, NULL),
(446, NULL, 7, 1, '1', 4, 22, 'Habillement & perso', 'Perso', '100.00', '', 'EUR', '100.00', '2024-12-16 00:00:00', NULL, NULL),
(447, NULL, 7, 1, '1', 3, 7, 'Nourriture & Santé', 'Courses', '12.06', '', 'EUR', '12.06', '2024-12-17 00:00:00', NULL, NULL),
(448, NULL, 7, 1, '1', 3, 7, 'Nourriture & Santé', 'Courses', '5.58', '', 'EUR', '5.58', '2024-12-12 00:00:00', NULL, NULL),
(449, NULL, 7, 1, '1', 5, 341, 'Imprévus', 'Famille', '24.35', 'Père Diassy', 'EUR', '24.35', '2024-12-17 00:00:00', NULL, NULL),
(450, NULL, 7, 1, '1', 5, 340, 'Imprévus', 'Famille', '24.35', 'Mamadou', 'EUR', '24.35', '2024-12-18 00:00:00', NULL, NULL),
(451, NULL, 7, 1, '1', 5, 334, 'Famille au Sénégal', 'Santé des parents', '28.96', 'Médicament Yaye Nafi', 'EUR', '28.96', '2025-01-01 00:00:00', NULL, NULL),
(452, NULL, 7, 1, '1', 3, 7, 'Nourriture & Santé', 'Courses', '6.00', 'Kébab', 'EUR', '6.00', '2024-12-19 00:00:00', NULL, NULL),
(453, NULL, 7, 1, '1', 5, 334, 'Imprévus', 'Famille', '306.38', 'Nafi', 'EUR', '306.38', '2025-01-02 00:00:00', NULL, NULL),
(454, NULL, 7, 1, '1', 5, 335, 'Imprévus', 'Autres', '62.46', 'Ya Amy', 'EUR', '62.46', '2025-01-03 00:00:00', NULL, NULL),
(455, NULL, 7, 1, '1', 4, 22, 'Habillement & perso', 'Perso', '300.00', '', 'EUR', '300.00', '2025-01-03 00:00:00', NULL, NULL),
(456, NULL, 7, 1, '1', 3, 7, 'Nourriture & Santé', 'Courses', '7.23', '', 'EUR', '7.23', '2025-01-01 00:00:00', NULL, NULL),
(457, NULL, 7, 1, '1', 7, 17, 'Imprévus', 'Autres', '23.30', 'Train', 'EUR', '23.30', '2025-01-01 00:00:00', NULL, NULL),
(458, NULL, 7, 1, '1', 3, 7, 'Nourriture & Santé', 'Courses', '5.47', '', 'EUR', '5.47', '2025-01-06 00:00:00', NULL, NULL),
(459, NULL, 7, 1, '1', 3, 7, 'Nourriture & Santé', 'Courses', '9.16', '', 'EUR', '9.16', '2025-01-11 00:00:00', NULL, NULL),
(460, NULL, 7, 1, '1', 8, 18, 'Ma femme', 'Dépense', '16.73', '', 'EUR', '16.73', '2025-01-17 00:00:00', NULL, NULL),
(461, NULL, 7, 1, '1', 8, 18, 'Ma femme', 'Dépense', '16.73', '', 'EUR', '16.73', '2025-01-12 00:00:00', NULL, NULL),
(462, NULL, 7, 1, '1', 5, 342, 'Imprévus', 'Famille', '9.11', 'Fatou Diassy', 'EUR', '9.11', '2025-01-16 00:00:00', NULL, NULL),
(463, NULL, 7, 1, '1', 5, 336, 'Imprévus', 'Famille', '457.32', 'remboursement vol scooter Bakary', 'EUR', '457.32', '2025-02-01 00:00:00', NULL, NULL),
(464, NULL, 7, 1, '1', 8, 18, 'Ma femme', 'Dépense', '286.52', '', 'EUR', '286.52', '2025-01-25 00:00:00', NULL, NULL),
(465, NULL, 7, 1, '1', 8, 18, 'Ma femme', 'Dépense', '7.62', '', 'EUR', '7.62', '2025-02-04 00:00:00', NULL, NULL),
(466, NULL, 7, 1, '1', 8, 18, 'Ma femme', 'Dépense', '283.54', 'Achat Frigo', 'EUR', '283.54', '2025-02-01 00:00:00', NULL, NULL),
(467, NULL, 7, 1, '1', 5, 20, 'Famille au Sénégal', 'Tante Alimatou', '45.73', '', 'EUR', '45.73', '2025-02-02 00:00:00', NULL, NULL),
(468, NULL, 7, 1, '1', 5, 342, 'Imprévus', 'Famille', '15.26', 'Fatou Diassy', 'EUR', '15.26', '2025-02-03 00:00:00', NULL, NULL),
(469, NULL, 7, 1, '1', 5, 333, 'Imprévus', 'Famille', '19.78', 'Pape Sidy', 'EUR', '19.78', '2025-02-09 00:00:00', NULL, NULL),
(470, NULL, 7, 1, '1', 5, 341, 'Imprévus', 'Famille', '24.35', 'Père Diassy', 'EUR', '24.35', '2025-02-06 00:00:00', NULL, NULL),
(471, NULL, 7, 1, '1', 8, 18, 'Ma femme', 'Dépense', '24.35', '', 'EUR', '24.35', '2025-02-08 00:00:00', NULL, NULL),
(472, NULL, 7, 1, '1', 3, 7, 'Nourriture & Santé', 'Courses', '16.13', '', 'EUR', '16.13', '2025-02-08 00:00:00', NULL, NULL),
(473, NULL, 7, 1, '1', 7, 17, 'Imprévus', 'Autres', '4.99', '', 'EUR', '4.99', '2025-02-08 00:00:00', NULL, NULL),
(474, NULL, 7, 1, '1', 3, 7, 'Nourriture & Santé', 'Courses', '42.00', '', 'EUR', '42.00', '2025-02-07 00:00:00', NULL, NULL),
(475, NULL, 7, 1, '1', 8, 18, 'Ma femme', 'Dépense', '16.73', '', 'EUR', '16.73', '2025-02-15 00:00:00', NULL, NULL),
(476, NULL, 7, 1, '1', 3, 7, 'Nourriture & Santé', 'Courses', '11.11', '', 'EUR', '11.11', '2025-02-15 00:00:00', NULL, NULL),
(477, NULL, 7, 1, '1', 3, 7, 'Nourriture & Santé', 'Courses', '26.80', '', 'EUR', '26.80', '2025-02-14 00:00:00', NULL, NULL),
(478, NULL, 7, 1, '1', 3, 7, 'Nourriture & Santé', 'Courses', '13.65', '', 'EUR', '13.65', '2025-02-18 00:00:00', NULL, NULL),
(479, NULL, 7, 1, '1', 4, 22, 'Habillement & perso', 'Perso', '18.00', 'Coiffeur', 'EUR', '18.00', '2025-03-01 00:00:00', NULL, NULL),
(480, NULL, 7, 1, '1', 3, 7, 'Nourriture & Santé', 'Courses', '6.23', '', 'EUR', '6.23', '2025-03-01 00:00:00', NULL, NULL),
(481, NULL, 7, 1, '1', 4, 10, 'Habillement & perso', 'Habillement', '15.59', '', 'EUR', '15.59', '2025-03-02 00:00:00', NULL, NULL),
(482, NULL, 7, 1, '1', 8, 18, 'Ma femme', 'Dépense', '31.97', 'Transport St Louis', 'EUR', '31.97', '2025-03-02 00:00:00', NULL, NULL),
(483, NULL, 7, 1, '1', 8, 18, 'Ma femme', 'Dépense', '38.07', 'table', 'EUR', '38.07', '2025-03-01 00:00:00', NULL, NULL),
(484, NULL, 7, 1, '1', 4, 22, 'Habillement & perso', 'Perso', '5.11', 'Commande Temu', 'EUR', '5.11', '2025-03-02 00:00:00', NULL, NULL),
(485, NULL, 7, 1, '1', 4, 22, 'Habillement & perso', 'Perso', '770.16', 'Voyage Sénégal', 'EUR', '770.16', '2025-03-23 00:00:00', NULL, NULL),
(486, NULL, 7, 1, '1', 3, 7, 'Nourriture & Santé', 'Courses', '3.48', '', 'EUR', '3.48', '2025-03-03 00:00:00', NULL, NULL),
(487, NULL, 7, 1, '1', 3, 7, 'Nourriture & Santé', 'Courses', '10.50', '', 'EUR', '10.50', '2025-03-04 00:00:00', NULL, NULL),
(488, NULL, 7, 1, '1', 4, 10, 'Habillement & perso', 'Habillement', '11.05', '', 'EUR', '11.05', '2025-03-07 00:00:00', NULL, NULL),
(489, NULL, 7, 1, '1', 7, 17, 'Imprévus', 'Autres', '400.00', '', 'EUR', '400.00', '2025-03-09 00:00:00', NULL, NULL),
(490, NULL, 7, 1, '1', 4, 22, 'Habillement & perso', 'Perso', '48.00', 'Permis', 'EUR', '48.00', '2025-03-13 00:00:00', NULL, NULL),
(491, NULL, 7, 1, '1', 4, 22, 'Habillement & perso', 'Perso', '48.00', 'Permis', 'EUR', '48.00', '2025-03-15 00:00:00', NULL, NULL),
(492, NULL, 7, 1, '1', 3, 7, 'Nourriture & Santé', 'Courses', '13.09', '', 'EUR', '13.09', '2025-03-15 00:00:00', NULL, NULL),
(493, NULL, 7, 1, '1', 5, 341, 'Imprévus', 'Famille', '16.73', 'Père Diassy', 'EUR', '16.73', '2025-03-13 00:00:00', NULL, NULL),
(494, NULL, 7, 1, '1', 4, 22, 'Habillement & perso', 'Perso', '67.00', 'Azaka', 'EUR', '67.00', '2025-03-14 00:00:00', NULL, NULL),
(495, NULL, 7, 1, '1', 8, 18, 'Ma femme', 'Dépense', '93.00', 'Korité', 'EUR', '93.00', '2025-03-11 00:00:00', NULL, NULL),
(496, NULL, 7, 1, '1', 4, 22, 'Habillement & perso', 'Perso', '48.00', 'Permis', 'EUR', '48.00', '2025-03-21 00:00:00', NULL, NULL),
(497, NULL, 7, 1, '1', 4, 22, 'Habillement & perso', 'Perso', '48.00', 'Permis', 'EUR', '48.00', '2025-03-22 00:00:00', NULL, NULL),
(498, NULL, 7, 1, 'Epargne', 13, 353, 'Objectif', 'Tontine', '77.71', 'Tontine 1', 'EUR', '77.71', '2025-03-19 12:00:00', NULL, NULL),
(499, NULL, 7, 1, '1', 8, 18, 'Ma femme', 'Dépense', '77.71', '', 'EUR', '77.71', '2025-03-20 00:00:00', NULL, NULL),
(500, NULL, 7, 1, '1', 3, 7, 'Nourriture & Santé', 'Courses', '51.14', '', 'EUR', '51.14', '2025-03-21 00:00:00', NULL, NULL),
(501, NULL, 7, 1, '1', 4, 22, 'Habillement & perso', 'Perso', '23.00', 'Billet de train', 'EUR', '23.00', '2025-03-23 00:00:00', NULL, NULL),
(502, NULL, 7, 1, '1', 8, 18, 'Ma femme', 'Dépense', '85.33', '', 'EUR', '85.33', '2025-03-23 00:00:00', NULL, NULL),
(503, NULL, 7, 1, 'Epargne', 13, 353, 'Objectif', 'Tontine', '77.71', 'Tontine 2', 'EUR', '77.71', '2025-04-07 18:00:00', NULL, NULL),
(504, NULL, 7, 1, '1', 5, 334, 'Imprévus', 'Famille', '30.51', 'Nafi', 'EUR', '30.51', '2025-04-06 00:00:00', NULL, NULL),
(505, NULL, 7, 1, '1', 7, 14, 'Imprévus', 'Famille', '38.90', 'Tante Coumba', 'EUR', '38.90', '2025-04-03 00:00:00', NULL, NULL),
(506, NULL, 7, 1, '1', 5, 20, 'Famille au Sénégal', 'Tante Alimatou', '75.50', 'Korité', 'EUR', '75.50', '2025-04-01 00:00:00', NULL, NULL),
(507, NULL, 7, 1, '1', 7, 14, 'Imprévus', 'Famille', '22.28', 'Ndéwénal des enfants', 'EUR', '22.28', '2025-04-07 00:00:00', NULL, NULL),
(508, NULL, 7, 1, '1', 7, 17, 'Imprévus', 'Autres', '30.51', 'Ndéwénal des enfants 2', 'EUR', '30.51', '2025-04-07 00:00:00', NULL, NULL),
(509, NULL, 7, 1, '1', 5, 19, 'Famille au Sénégal', 'Mon père', '77.71', 'Pour mon père', 'EUR', '77.71', '2025-04-07 00:00:00', NULL, NULL),
(510, NULL, 7, 1, '1', 5, 334, 'Imprévus', 'Famille', '154.03', 'Yaye Nafi', 'EUR', '154.03', '2025-04-06 00:00:00', NULL, NULL),
(511, NULL, 7, 1, '1', 7, 17, 'Imprévus', 'Autres', '288.09', 'Transport Yango', 'EUR', '288.09', '2025-04-04 00:00:00', NULL, NULL),
(512, NULL, 7, 1, '1', 5, 336, 'Imprévus', 'Famille', '39.62', 'Bakary', 'EUR', '39.62', '2025-04-02 00:00:00', NULL, NULL),
(513, NULL, 7, 1, '1', 5, 343, 'Imprévus', 'Famille', '45.76', 'Mamadou+Seydou+Badou', 'EUR', '45.76', '2025-04-01 00:00:00', NULL, NULL),
(514, NULL, 7, 1, '1', 4, 22, 'Habillement & perso', 'Perso', '69.00', 'Billet de train', 'EUR', '69.00', '2025-04-07 00:00:00', NULL, NULL),
(515, NULL, 7, 1, '1', 6, 12, 'Crédit', 'Crédit', '190.00', '', 'EUR', '190.00', '2025-05-06 00:00:00', NULL, NULL),
(516, NULL, 7, 1, '1', 6, 12, 'Crédit', 'Crédit', '100.00', '', 'EUR', '100.00', '2025-06-05 00:00:00', NULL, NULL),
(517, NULL, 7, 1, '1', 6, 12, 'Crédit', 'Crédit', '100.00', '', 'EUR', '100.00', '2025-07-04 00:00:00', NULL, NULL),
(518, NULL, 7, 1, '1', 4, 22, 'Habillement & perso', 'Perso', '48.00', 'Permis', 'EUR', '48.00', '2025-04-12 00:00:00', NULL, NULL),
(519, NULL, 7, 1, '1', 1, 23, 'Charge fixe', 'Lessives et autres', '49.27', 'Facture eaux', 'EUR', '49.27', '2025-04-07 00:00:00', NULL, NULL),
(520, NULL, 7, 1, '1', 3, 7, 'Nourriture & Santé', 'Courses', '10.08', '', 'EUR', '10.08', '2025-04-09 00:00:00', NULL, NULL),
(521, NULL, 7, 1, '1', 3, 7, 'Nourriture & Santé', 'Courses', '8.50', '', 'EUR', '8.50', '2025-04-16 00:00:00', NULL, NULL),
(522, NULL, 7, 2, '2', 2, 16, '2', 'Autres', '150.00', 'CSEE COVEA', 'EUR', '150.00', '2025-04-15 00:00:00', NULL, NULL),
(524, NULL, 7, 1, '1', 8, 18, 'Ma femme', 'Dépense', '428.34', '', 'EUR', '428.34', '2025-06-02 00:00:00', NULL, NULL),
(525, NULL, 7, 1, '1', 8, 18, 'Ma femme', 'Dépense', '397.33', '', 'EUR', '397.33', '2025-07-02 00:00:00', NULL, NULL),
(526, NULL, 7, 1, '1', 8, 18, 'Ma femme', 'Dépense', '428.34', '', 'EUR', '428.34', '2025-08-02 00:00:00', NULL, NULL),
(527, NULL, 7, 1, '1', 4, 22, 'Habillement & perso', 'Perso', '48.00', 'Permis', 'EUR', '48.00', '2025-04-25 00:00:00', NULL, NULL),
(528, NULL, 7, 1, '1', 4, 22, 'Habillement & perso', 'Perso', '48.00', 'Permis', 'EUR', '48.00', '2025-05-02 00:00:00', NULL, NULL),
(529, NULL, 7, 1, '1', 4, 22, 'Habillement & perso', 'Perso', '120.00', '320 réel', 'EUR', '120.00', '2025-05-01 00:00:00', NULL, NULL),
(530, NULL, 7, 1, '1', 4, 22, 'Habillement & perso', 'Perso', '48.00', 'Permis', 'EUR', '48.00', '2025-05-09 00:00:00', NULL, NULL),
(531, NULL, 7, 1, '1', 4, 22, 'Habillement & perso', 'Perso', '48.00', 'Permis', 'EUR', '48.00', '2025-05-16 00:00:00', NULL, NULL),
(532, NULL, 7, 1, '1', 4, 22, 'Habillement & perso', 'Perso', '48.00', 'Permis', 'EUR', '48.00', '2025-05-17 00:00:00', NULL, NULL),
(533, NULL, 7, 1, '1', 4, 22, 'Habillement & perso', 'Perso', '48.00', 'Permis', 'EUR', '48.00', '2025-05-23 00:00:00', NULL, NULL),
(534, NULL, 7, 1, '1', 4, 22, 'Habillement & perso', 'Perso', '48.00', 'Permis', 'EUR', '48.00', '2025-05-24 00:00:00', NULL, NULL),
(535, NULL, 7, 1, '1', 4, 22, 'Habillement & perso', 'Perso', '48.00', 'Permis', 'EUR', '48.00', '2025-05-10 00:00:00', NULL, NULL),
(536, NULL, 7, 1, '1', 5, 334, 'Imprévus', 'Famille', '54.84', 'Nafi', 'EUR', '54.84', '2025-05-20 00:00:00', NULL, NULL),
(537, NULL, 7, 1, '1', 8, 18, 'Ma femme', 'Dépense', '142.17', 'DHL', 'EUR', '142.17', '2025-05-23 00:00:00', NULL, NULL),
(538, NULL, 7, 1, '1', 7, 17, 'Imprévus', 'Autres', '27.40', 'Tissu', 'EUR', '27.40', '2025-05-17 00:00:00', NULL, NULL),
(539, NULL, 7, 1, '1', 5, 336, 'Imprévus', 'Famille', '16.73', 'Bakary', 'EUR', '16.73', '2025-05-14 00:00:00', NULL, NULL),
(540, NULL, 7, 1, '1', 5, 341, 'Imprévus', 'Famille', '16.73', 'Père Diassy', 'EUR', '16.73', '2025-05-16 00:00:00', NULL, NULL),
(541, NULL, 7, 1, '1', 8, 18, 'Ma femme', 'Dépense', '73.11', 'Remboursement achat téléphone x1', 'EUR', '73.11', '2025-05-03 00:00:00', NULL, NULL),
(542, NULL, 7, 1, '1', 3, 7, 'Nourriture & Santé', 'Courses', '18.01', '', 'EUR', '18.01', '2025-05-13 00:00:00', NULL, NULL),
(543, NULL, 7, 2, '2', 2, 16, '2', 'Autres', '34.08', 'Régule électricité', 'EUR', '34.08', '2025-05-14 00:00:00', NULL, NULL),
(544, NULL, 7, 1, '1', 3, 7, 'Nourriture & Santé', 'Courses', '10.90', '', 'EUR', '10.90', '2025-05-19 00:00:00', NULL, NULL),
(545, NULL, 7, 1, '1', 3, 7, 'Nourriture & Santé', 'Courses', '8.50', '', 'EUR', '8.50', '2025-05-19 00:00:00', NULL, NULL),
(546, NULL, 7, 1, '1', 3, 7, 'Nourriture & Santé', 'Courses', '9.00', '', 'EUR', '9.00', '2025-05-22 00:00:00', NULL, NULL),
(547, NULL, 7, 1, '1', 3, 7, 'Nourriture & Santé', 'Courses', '6.49', '', 'EUR', '6.49', '2025-05-03 00:00:00', NULL, NULL),
(548, NULL, 7, 1, '1', 7, 14, 'Imprévus', 'Famille', '77.71', 'Thierno Ndiaye', 'EUR', '77.71', '2025-05-09 00:00:00', NULL, NULL),
(549, NULL, 7, 2, '2', 2, 25, '2', 'Prime', '1000.00', '', 'EUR', '1000.00', '2025-05-19 00:00:00', NULL, NULL),
(550, NULL, 7, 1, '1', 3, 7, 'Nourriture & Santé', 'Courses', '8.50', '', 'EUR', '8.50', '2025-05-09 00:00:00', NULL, NULL),
(551, NULL, 7, 1, '1', 1, 15, 'Charge fixe', 'Netflix-Amazon', '13.49', '', 'EUR', '13.49', '2025-05-09 00:00:00', NULL, NULL),
(552, NULL, 7, 1, '1', 8, 18, 'Ma femme', 'Dépense', '73.11', 'Remboursement achat téléphone - 2', 'EUR', '73.11', '2025-06-02 00:00:00', NULL, NULL),
(553, NULL, 7, 1, '1', 8, 18, 'Ma femme', 'Dépense', '73.10', 'Remboursement achat téléphone x3', 'EUR', '73.10', '2025-07-02 00:00:00', NULL, NULL),
(554, NULL, 7, 1, '1', 8, 18, 'Ma femme', 'Dépense', '73.10', 'Remboursement achat téléphone x4', 'EUR', '73.10', '2025-08-01 00:00:00', NULL, NULL),
(555, NULL, 7, 1, '1', 8, 18, 'Ma femme', 'Dépense', '77.71', 'Frais hôpital', 'EUR', '77.71', '2025-06-03 00:00:00', NULL, NULL),
(556, NULL, 7, 1, '1', 8, 18, 'Ma femme', 'Dépense', '85.34', 'Frais de douane téléphone portable', 'EUR', '85.34', '2025-06-02 00:00:00', NULL, NULL),
(557, NULL, 7, 1, '1', 5, 343, 'Imprévus', 'Famille', '192.05', 'Opération Seydou - Remb', 'EUR', '192.05', '2025-06-02 00:00:00', NULL, NULL),
(558, NULL, 7, 1, '1', 7, 14, 'Imprévus', 'Famille', '38.11', 'Chaussure pour Ablaye', 'EUR', '38.11', '2025-06-01 00:00:00', NULL, NULL),
(559, NULL, 7, 1, '1', 5, 20, 'Famille au Sénégal', 'Tante Alimatou', '77.71', '', 'EUR', '77.71', '2025-06-01 00:00:00', NULL, NULL),
(560, NULL, 7, 1, '1', 8, 18, 'Ma femme', 'Dépense', '24.36', 'wifi', 'EUR', '24.36', '2025-06-06 00:00:00', NULL, NULL),
(561, NULL, 7, 1, '1', 1, 15, 'Charge fixe', 'Netflix-Amazon', '7.99', '', 'EUR', '7.99', '2025-06-08 00:00:00', NULL, NULL),
(562, NULL, 7, 1, '1', 5, 333, 'Imprévus', 'Famille', '9.11', 'Pape Sidy', 'EUR', '9.11', '2025-05-04 00:00:00', NULL, NULL),
(563, NULL, 7, 1, '1', 8, 18, 'Ma femme', 'Dépense', '16.73', '', 'EUR', '16.73', '2025-06-13 00:00:00', NULL, NULL),
(564, NULL, 7, 1, '1', 8, 18, 'Ma femme', 'Dépense', '146.24', 'Frais de dépôt de visa', 'EUR', '146.24', '2025-06-23 00:00:00', NULL, NULL),
(565, NULL, 7, 1, '1', 5, 342, 'Imprévus', 'Famille', '9.11', 'Fatou Diassy', 'EUR', '9.11', '2025-06-19 00:00:00', NULL, NULL),
(566, NULL, 7, 1, '1', 5, 333, 'Imprévus', 'Famille', '9.11', 'Pape Sidy', 'EUR', '9.11', '2025-06-04 00:00:00', NULL, NULL),
(567, NULL, 7, 1, '1', 1, 13, 'Charge fixe', 'Assurance bancaire', '59.64', 'Régule dépense', 'EUR', '59.64', '2025-06-30 00:00:00', NULL, NULL),
(568, NULL, 7, 1, '1', 5, 336, 'Imprévus', 'Famille', '228.67', 'Scooter Bakary', 'EUR', '228.67', '2025-07-01 00:00:00', NULL, NULL),
(569, NULL, 7, 1, '1', 5, 28, 'Famille au Sénégal', 'Scolarité Mère Wane', '41.16', '', 'EUR', '41.16', '2025-07-01 00:00:00', NULL, NULL),
(570, NULL, 7, 1, '1', 4, 22, 'Habillement & perso', 'Perso', '50.00', '', 'EUR', '50.00', '2025-07-01 00:00:00', NULL, NULL),
(571, NULL, 7, 1, '1', 4, 22, 'Habillement & perso', 'Perso', '19.80', 'Pour ma soeur adorée', 'EUR', '19.80', '2025-07-04 00:00:00', NULL, NULL),
(572, NULL, 7, 1, '1', 5, 341, 'Imprévus', 'Famille', '9.11', 'Père Diassy', 'EUR', '9.11', '2025-07-02 00:00:00', NULL, NULL),
(573, NULL, 7, 1, '1', 3, 7, 'Nourriture & Santé', 'Courses', '31.05', 'Resto', 'EUR', '31.05', '2025-07-03 00:00:00', NULL, NULL),
(574, NULL, 7, 1, '1', 8, 18, 'Ma femme', 'Dépense', '16.73', '', 'EUR', '16.73', '2025-07-03 00:00:00', NULL, NULL),
(575, NULL, 7, 1, '1', 5, 340, 'Imprévus', 'Famille', '19.78', 'Pour Mamadou', 'EUR', '19.78', '2025-07-03 00:00:00', NULL, NULL),
(576, NULL, 7, 1, '1', 8, 18, 'Ma femme', 'Dépense', '77.71', 'Frais de santé', 'EUR', '77.71', '2025-07-02 00:00:00', NULL, NULL),
(577, NULL, 7, 1, '1', 8, 18, 'Ma femme', 'Dépense', '24.36', 'Frais de santé', 'EUR', '24.36', '2025-07-02 00:00:00', NULL, NULL),
(578, NULL, 7, 1, '1', 8, 18, 'Ma femme', 'Dépense', '31.98', 'Frais de santé', 'EUR', '31.98', '2025-07-02 00:00:00', NULL, NULL),
(580, NULL, 7, 1, '1', 9, 24, 'Impôts', 'Impôts', '199.00', '2em prélévement', 'EUR', '199.00', '2025-10-27 00:00:00', NULL, NULL),
(581, NULL, 7, 1, '1', 9, 24, 'Impôts', 'Impôts', '199.00', '3iem prélévement', 'EUR', '199.00', '2025-11-27 00:00:00', NULL, NULL),
(582, NULL, 7, 1, '1', 9, 24, 'Impôts', 'Impôts', '199.00', '4iem prélévement', 'EUR', '199.00', '2025-12-29 00:00:00', NULL, NULL),
(583, NULL, 7, 1, '1', 8, 18, 'Ma femme', 'Dépense', '428.34', '', 'EUR', '428.34', '2025-09-01 00:00:00', NULL, NULL),
(585, NULL, 7, 1, '1', 8, 18, '8', '18', '428.00', '', 'EUR', '428.00', '2025-11-01 00:00:00', NULL, NULL),
(590, NULL, 7, 1, '1', 5, 11, 'Famille au Sénégal', 'Dépenses', '459.50', '', 'EUR', '459.50', '2025-08-01 00:00:00', NULL, NULL),
(591, NULL, 7, 1, '1', 5, 19, 'Famille au Sénégal', 'Mon père', '76.22', '', 'EUR', '76.22', '2025-08-01 00:00:00', NULL, NULL),
(592, NULL, 7, 1, '1', 3, 7, 'Nourriture & Santé', 'Courses', '100.80', '', 'EUR', '100.80', '2025-07-01 00:00:00', NULL, NULL),
(593, NULL, 7, 2, '2', 2, 16, '2', '16', '347.28', 'Augmentation annuelle', 'EUR', '347.28', '2025-07-01 00:00:00', NULL, NULL),
(598, NULL, 7, 1, '1', 5, 334, NULL, NULL, '24.36', 'Nafi', 'EUR', '24.36', '2025-08-03 00:00:00', NULL, NULL),
(599, NULL, 7, 1, '1', 5, 342, NULL, NULL, '16.73', 'Fatou Diassy', 'EUR', '16.73', '2025-08-02 00:00:00', NULL, NULL),
(600, NULL, 7, 1, '1', 8, 18, NULL, NULL, '101.34', 'Gamou', 'EUR', '101.34', '2025-08-02 00:00:00', NULL, NULL),
(601, NULL, 7, 1, '1', 4, 22, 'Habillement & perso', 'Perso', '5.00', 'Cagnotte Yannis', 'EUR', '5.00', '2025-08-02 00:00:00', NULL, NULL),
(605, NULL, 7, 1, '1', 3, 31, NULL, NULL, '14.50', 'Resto entre collègue', 'EUR', '14.50', '2025-08-07 00:00:00', NULL, NULL),
(608, NULL, 7, 1, '1', 3, 31, NULL, NULL, '27.00', 'Pizza pour mes invités', 'EUR', '27.00', '2025-08-09 00:00:00', NULL, NULL),
(609, NULL, 7, 1, '1', 5, 345, NULL, NULL, '24.36', 'Sophie', 'EUR', '24.36', '2025-08-09 00:00:00', NULL, NULL),
(611, NULL, 7, 1, '1', 3, 7, NULL, NULL, '16.40', '', 'EUR', '16.40', '2025-08-09 00:00:00', NULL, NULL),
(615, NULL, 7, 1, '1', 4, 22, NULL, NULL, '10.00', '', 'EUR', '10.00', '2025-08-03 00:00:00', NULL, NULL),
(617, NULL, 7, 1, '1', 8, 18, NULL, NULL, '45.73', 'Cotisation Gamou', 'EUR', '45.73', '2025-09-01 00:00:00', NULL, NULL),
(620, NULL, 7, 1, '1', 7, 17, NULL, NULL, '77.71', 'Assane Savane', 'EUR', '77.71', '2025-08-22 00:00:00', NULL, NULL),
(621, NULL, 7, 1, '1', 5, 333, NULL, NULL, '16.73', 'Pape Sidy', 'EUR', '16.73', '2025-08-19 00:00:00', NULL, NULL),
(624, NULL, 7, 1, '1', 5, 339, 'Imprévus', 'Famille', '31.98', 'Badou Ndiongue', 'EUR', '31.98', '2025-09-01 00:00:00', NULL, NULL),
(625, NULL, 7, 1, '1', 5, 19, 'Famille au Sénégal', 'Mon père', '29.82', '', 'EUR', '29.82', '2025-09-01 00:00:00', NULL, NULL),
(626, NULL, 7, 2, '2', 2, 33, '2', '33', '31.00', '', 'EUR', '31.00', '2025-07-01 00:00:00', NULL, NULL),
(627, NULL, 7, 1, '1', 3, 7, NULL, NULL, '3.63', '', 'EUR', '3.63', '2025-08-26 00:00:00', NULL, NULL),
(628, NULL, 7, 2, '2', 2, 33, '2', '33', '27.00', '', 'EUR', '27.00', '2025-08-01 00:00:00', NULL, NULL),
(629, NULL, 7, 1, '1', 3, 31, NULL, NULL, '6.50', '', 'EUR', '6.50', '2025-08-28 00:00:00', NULL, NULL),
(630, NULL, 7, 1, '1', 7, 17, NULL, NULL, '10.00', 'Pot de départ Damien', 'EUR', '10.00', '2025-08-28 00:00:00', NULL, NULL),
(631, NULL, 7, 1, 'Epargne', 13, 353, 'Objectif', 'Tontine', '67.47', 'Avance ', 'EUR', '67.47', '2025-09-02 22:00:00', NULL, NULL),
(632, NULL, 7, 1, '1', 3, 7, NULL, NULL, '8.74', '', 'EUR', '8.74', '2025-09-04 00:00:00', NULL, NULL),
(633, NULL, 7, 1, '1', 3, 7, NULL, NULL, '7.20', '', 'EUR', '7.20', '2025-09-03 00:00:00', NULL, NULL),
(634, NULL, 7, 1, '1', 3, 7, NULL, NULL, '18.32', '', 'EUR', '18.32', '2025-09-05 00:00:00', NULL, NULL),
(635, NULL, 7, 1, '1', 5, 338, NULL, NULL, '19.78', 'Abdou Chakour', 'EUR', '19.78', '2025-09-07 00:00:00', NULL, NULL),
(636, NULL, 7, 1, '1', 3, 8, NULL, NULL, '20.00', '', 'EUR', '20.00', '2025-09-07 00:00:00', NULL, NULL),
(637, NULL, 7, 1, '1', 4, 22, NULL, NULL, '20.00', 'Aumône', 'EUR', '20.00', '2025-09-08 00:00:00', NULL, NULL),
(638, NULL, 7, 1, '1', 3, 7, NULL, NULL, '17.00', 'Poulet rôti', 'EUR', '17.00', '2025-09-08 00:00:00', NULL, NULL),
(639, NULL, 7, 1, '1', 3, 7, NULL, NULL, '32.00', 'Petit dej au boulot', 'EUR', '32.00', '2025-09-11 00:00:00', NULL, NULL),
(640, NULL, 7, 1, '1', 3, 7, NULL, NULL, '15.27', '', 'EUR', '15.27', '2025-09-12 00:00:00', NULL, NULL),
(641, NULL, 7, 1, '1', 3, 7, NULL, NULL, '6.78', '', 'EUR', '6.78', '2025-09-10 00:00:00', NULL, NULL),
(642, NULL, 7, 1, '1', 8, 18, NULL, NULL, '62.48', 'Gâteau anniversaire', 'EUR', '62.48', '2025-09-12 00:00:00', NULL, NULL),
(643, NULL, 7, 1, '1', 5, 333, NULL, NULL, '16.73', 'Pape Sidy', 'EUR', '16.73', '2025-09-13 00:00:00', NULL, NULL),
(644, NULL, 7, 1, '1', 4, 22, NULL, NULL, '98.43', 'Régule Bourso Bank', 'EUR', '98.43', '2025-09-13 00:00:00', NULL, NULL),
(645, NULL, 7, 1, '1', 4, 34, NULL, NULL, '18.00', '18', 'EUR', '18.00', '2025-09-15 00:00:00', NULL, NULL),
(647, NULL, 7, 1, '1', 3, 7, 'Nourritures', 'Courses', '22.00', 'Gâteau anniversaire Omar', 'EUR', '22.00', '2025-09-19 00:00:00', NULL, NULL),
(648, NULL, 7, 1, '1', 5, 336, NULL, NULL, '16.73', 'Bakary', 'EUR', '16.73', '2025-09-21 00:00:00', NULL, NULL),
(649, NULL, 7, 1, '1', 7, 17, NULL, NULL, '77.71', 'Assane Savane', 'EUR', '77.71', '2025-09-22 00:00:00', NULL, NULL),
(650, NULL, 7, 2, '2', 2, 2, '2', '2', '2354.74', '', 'EUR', '2354.74', '2025-12-01 00:00:00', NULL, NULL),
(651, NULL, 7, 1, '1', 5, 19, NULL, NULL, '29.82', '', 'EUR', '29.82', '2025-10-01 00:00:00', NULL, NULL),
(663, NULL, 7, 1, '1', 8, 18, NULL, NULL, '428.35', '', 'EUR', '428.35', '2025-10-01 00:00:00', NULL, NULL),
(664, NULL, 7, 1, '1', 5, 11, NULL, NULL, '459.50', '', 'EUR', '459.50', '2025-10-01 00:00:00', NULL, NULL),
(666, NULL, 7, 1, '1', 1, 23, NULL, NULL, '60.65', 'Facture eaux', 'EUR', '60.65', '2025-10-01 00:00:00', NULL, NULL),
(667, NULL, 7, 1, '1', 9, 24, NULL, NULL, '199.00', '1er prélèvement ', 'EUR', '199.00', '2025-09-25 00:00:00', NULL, NULL),
(668, NULL, 7, 1, '1', 5, 343, 'Imprévus', 'Famille', '24.36', 'Seydou Ndiongue', 'EUR', '24.36', '2025-09-27 00:00:00', NULL, NULL),
(669, NULL, 7, 2, '2', 2, 2, '2', '2', '2354.74', '', 'EUR', '2354.74', '2025-09-01 00:00:00', NULL, NULL),
(670, NULL, 7, 2, '2', 2, 33, '2', '33', '27.00', '', 'EUR', '27.00', '2025-09-01 00:00:00', NULL, NULL),
(671, NULL, 7, 1, '1', 8, 18, NULL, NULL, '31.98', '', 'EUR', '31.98', '2025-09-28 00:00:00', NULL, NULL),
(672, NULL, 7, 1, '1', 4, 22, 'Perso', 'Perso', '150.00', '', 'EUR', '150.00', '2025-10-01 00:00:00', NULL, NULL),
(674, NULL, 7, 1, '1', 5, 19, NULL, NULL, '18.26', '', 'EUR', '18.26', '2025-10-01 00:00:00', NULL, NULL),
(675, NULL, 7, 1, 'Epargne', 13, 353, 'Objectif', 'Tontine', '18.26', 'Tontine 8', 'EUR', '18.26', '2025-10-01 13:00:00', NULL, NULL),
(678, NULL, 7, 1, '1', 5, 334, NULL, NULL, '77.71', 'Nafi Ndiongue', 'EUR', '77.71', '2025-10-03 00:00:00', NULL, NULL),
(679, NULL, 7, 1, '1', 3, 7, NULL, NULL, '26.49', '', 'EUR', '26.49', '2025-10-01 00:00:00', NULL, NULL),
(680, NULL, 7, 1, '1', 3, 8, NULL, NULL, '60.00', '', 'EUR', '60.00', '2025-10-05 00:00:00', NULL, NULL),
(681, NULL, 7, 1, '1', 5, 333, NULL, NULL, '16.73', 'Pape Sidy', 'EUR', '16.73', '2025-10-05 00:00:00', NULL, NULL),
(682, NULL, 7, 1, '1', 1, 1, NULL, NULL, '103.00', 'Taxe ordures ménagères', 'EUR', '103.00', '2025-11-01 00:00:00', NULL, NULL),
(692, NULL, 7, 1, '1', 5, 342, NULL, NULL, '47.22', 'Inscription enfants ', 'EUR', '47.22', '2025-10-07 00:00:00', NULL, NULL),
(694, NULL, 7, 1, '1', 5, 28, '5', '28', '97.56', 'Frais d\'inscription', 'EUR', '97.56', '2025-10-13 00:00:00', NULL, NULL),
(697, NULL, 7, 1, '1', 6, 12, 'Crédit', 'Crédit', '69.79', 'Solde Bourso Bank', 'EUR', '69.79', '2025-10-09 00:00:00', NULL, NULL),
(700, NULL, 7, 2, '2', 2, 26, '2', '26', '426.27', 'Avance sur intéressement 2025', 'EUR', '426.27', '2025-10-01 00:00:00', NULL, NULL),
(701, NULL, 7, 1, '1', 5, 28, '5', '28', '41.92', 'Mensualité', 'EUR', '41.92', '2025-11-01 00:00:00', NULL, NULL),
(702, NULL, 7, 1, '1', 5, 28, NULL, NULL, '41.92', '', 'EUR', '41.92', '2025-12-01 00:00:00', NULL, NULL),
(725, NULL, 7, 1, '1', 5, 28, '5', '28', '41.92', '', 'EUR', '41.92', '2025-12-24 12:14:00', NULL, NULL),
(726, NULL, 7, 1, 'expense', 5, 28, 'Famille SN', 'Scolarité Mère Wane', '41.92', NULL, 'EUR', '41.92', '2026-01-26 18:50:00', NULL, NULL),
(727, NULL, 7, 1, '1', 5, 28, NULL, NULL, '41.92', '', 'EUR', '41.92', '2026-03-03 00:00:00', NULL, NULL),
(728, NULL, 7, 1, '1', 5, 28, NULL, NULL, '41.92', '', 'EUR', '41.92', '2026-04-02 00:00:00', NULL, NULL),
(729, NULL, 7, 1, '1', 5, 28, NULL, NULL, '41.92', '', 'EUR', '41.92', '2026-05-02 00:00:00', NULL, NULL),
(730, NULL, 7, 1, '1', 5, 28, NULL, NULL, '41.92', '', 'EUR', '41.92', '2026-06-02 00:00:00', NULL, NULL),
(737, NULL, 7, 1, '1', 1, 1, NULL, NULL, '550.00', '', 'EUR', '550.00', '2025-12-24 12:14:00', NULL, NULL),
(738, NULL, 7, 1, 'expense', 1, 1, 'Charge fixe', 'Loyer', '550.00', NULL, 'EUR', '550.00', '2026-01-27 19:45:00', NULL, NULL),
(739, NULL, 7, 1, '1', 1, 1, NULL, NULL, '550.00', '', 'EUR', '550.00', '2026-03-02 00:00:00', NULL, NULL),
(740, NULL, 7, 1, '1', 1, 1, NULL, NULL, '550.00', '', 'EUR', '550.00', '2026-04-01 00:00:00', NULL, NULL),
(741, NULL, 7, 1, '1', 1, 1, NULL, NULL, '550.00', '', 'EUR', '550.00', '2026-05-01 00:00:00', NULL, NULL),
(742, NULL, 7, 1, '1', 1, 1, NULL, NULL, '550.00', '', 'EUR', '550.00', '2026-06-01 00:00:00', NULL, NULL),
(743, NULL, 7, 1, '1', 1, 1, NULL, NULL, '550.00', '', 'EUR', '550.00', '2026-07-01 00:00:00', NULL, NULL),
(744, NULL, 7, 1, '1', 1, 1, NULL, NULL, '550.00', '', 'EUR', '550.00', '2026-08-01 00:00:00', NULL, NULL),
(745, NULL, 7, 1, '1', 1, 1, NULL, NULL, '550.00', '', 'EUR', '550.00', '2026-09-01 00:00:00', NULL, NULL),
(746, NULL, 7, 1, '1', 1, 1, NULL, NULL, '550.00', '', 'EUR', '550.00', '2026-10-01 00:00:00', NULL, NULL),
(747, NULL, 7, 1, '1', 1, 1, NULL, NULL, '550.00', '', 'EUR', '550.00', '2026-11-02 00:00:00', NULL, NULL),
(748, NULL, 7, 1, '1', 1, 1, NULL, NULL, '550.00', '', 'EUR', '550.00', '2026-12-02 00:00:00', NULL, NULL),
(749, NULL, 7, 1, 'expense', 1, 9, 'Charge fixe', 'Transport', '35.85', NULL, 'EUR', '35.85', '2026-01-12 10:00:00', NULL, NULL),
(750, NULL, 7, 1, '1', 1, 9, NULL, NULL, '35.85', '', 'EUR', '35.85', '2026-02-11 00:00:00', NULL, NULL),
(751, NULL, 7, 1, '1', 1, 9, NULL, NULL, '35.85', '', 'EUR', '35.85', '2026-03-11 00:00:00', NULL, NULL),
(752, NULL, 7, 1, '1', 1, 9, NULL, NULL, '35.85', '', 'EUR', '35.85', '2026-04-10 00:00:00', NULL, NULL),
(753, NULL, 7, 1, '1', 1, 9, NULL, NULL, '35.85', '', 'EUR', '35.85', '2026-05-10 00:00:00', NULL, NULL),
(754, NULL, 7, 1, '1', 1, 9, NULL, NULL, '35.85', '', 'EUR', '35.85', '2026-06-10 00:00:00', NULL, NULL),
(755, NULL, 7, 1, '1', 1, 9, NULL, NULL, '35.85', '', 'EUR', '35.85', '2026-07-10 00:00:00', NULL, NULL),
(756, NULL, 7, 1, '1', 1, 9, NULL, NULL, '35.85', '', 'EUR', '35.85', '2026-08-10 00:00:00', NULL, NULL),
(757, NULL, 7, 1, '1', 1, 9, NULL, NULL, '35.85', '', 'EUR', '35.85', '2026-09-10 00:00:00', NULL, NULL),
(758, NULL, 7, 1, '1', 1, 9, NULL, NULL, '35.85', '', 'EUR', '35.85', '2026-10-10 00:00:00', NULL, NULL),
(759, NULL, 7, 1, '1', 1, 9, NULL, NULL, '35.85', '', 'EUR', '35.85', '2026-11-11 00:00:00', NULL, NULL),
(760, NULL, 7, 1, '1', 1, 9, NULL, NULL, '35.85', '', 'EUR', '35.85', '2026-12-11 00:00:00', NULL, NULL),
(761, NULL, 7, 1, 'expense', 1, 4, 'Charge fixe', 'Assurance habitation', '18.00', '', 'EUR', '18.00', '2026-01-05 10:00:00', NULL, NULL),
(762, NULL, 7, 1, 'expense', 1, 4, 'Charge fixe', 'Assurance habitation', '18.35', NULL, 'EUR', '18.35', '2026-02-05 09:00:00', NULL, NULL),
(763, NULL, 7, 1, '1', 1, 4, NULL, NULL, '18.00', '', 'EUR', '18.00', '2026-03-02 00:00:00', NULL, NULL),
(764, NULL, 7, 1, '1', 1, 4, NULL, NULL, '18.00', '', 'EUR', '18.00', '2026-04-01 00:00:00', NULL, NULL),
(765, NULL, 7, 1, '1', 1, 4, NULL, NULL, '18.00', '', 'EUR', '18.00', '2026-05-01 00:00:00', NULL, NULL),
(766, NULL, 7, 1, '1', 1, 4, NULL, NULL, '18.00', '', 'EUR', '18.00', '2026-06-01 00:00:00', NULL, NULL),
(767, NULL, 7, 1, '1', 1, 4, NULL, NULL, '18.00', '', 'EUR', '18.00', '2026-07-01 00:00:00', NULL, NULL),
(768, NULL, 7, 1, '1', 1, 4, NULL, NULL, '18.00', '', 'EUR', '18.00', '2026-08-01 00:00:00', NULL, NULL),
(769, NULL, 7, 1, '1', 1, 4, NULL, NULL, '18.00', '', 'EUR', '18.00', '2026-09-01 00:00:00', NULL, NULL),
(770, NULL, 7, 1, '1', 1, 4, NULL, NULL, '18.00', '', 'EUR', '18.00', '2026-10-01 00:00:00', NULL, NULL),
(771, NULL, 7, 1, '1', 1, 4, NULL, NULL, '18.00', '', 'EUR', '18.00', '2026-11-02 00:00:00', NULL, NULL),
(772, NULL, 7, 1, '1', 1, 4, NULL, NULL, '18.00', '', 'EUR', '18.00', '2026-12-02 00:00:00', NULL, NULL),
(773, NULL, 7, 1, '1', 5, 28, NULL, NULL, '41.92', '', 'EUR', '41.92', '2026-07-02 00:00:00', NULL, NULL),
(774, NULL, 7, 1, '1', 3, 7, NULL, NULL, '19.58', '', 'EUR', '19.58', '2025-10-12 00:00:00', NULL, NULL),
(775, NULL, 7, 1, '1', 5, 343, NULL, NULL, '28.96', 'Inscription ', 'EUR', '28.96', '2025-10-13 00:00:00', NULL, NULL),
(776, NULL, 7, 1, '1', 5, 29, NULL, NULL, '60.97', 'Inscription ', 'EUR', '60.97', '2025-10-13 00:00:00', NULL, NULL),
(777, NULL, 7, 1, '1', 3, 7, NULL, NULL, '28.90', '2 Kg viandes', 'EUR', '28.90', '2025-10-09 00:00:00', NULL, NULL),
(778, NULL, 7, 1, '1', 7, 17, NULL, NULL, '77.71', 'Assane Savane', 'EUR', '77.71', '2025-10-24 00:00:00', NULL, NULL),
(779, NULL, 7, 1, '1', 8, 18, NULL, NULL, '16.73', '', 'EUR', '16.73', '2025-10-22 00:00:00', NULL, NULL),
(780, NULL, 7, 1, '1', 3, 7, '3', '31', '37.32', 'Resto avec collègues', 'EUR', '37.32', '2025-10-16 00:00:00', NULL, NULL),
(781, NULL, 7, 1, '1', 5, 333, NULL, NULL, '4.54', '', 'EUR', '4.54', '2025-10-24 00:00:00', NULL, NULL),
(782, NULL, 7, 1, '1', 4, 348, NULL, NULL, '9.25', 'Analyse médical', 'EUR', '9.25', '2025-10-17 00:00:00', NULL, NULL),
(783, NULL, 7, 1, '1', 4, 22, NULL, NULL, '70.00', '', 'EUR', '70.00', '2025-10-25 00:00:00', NULL, NULL),
(784, NULL, 7, 1, '1', 8, 18, '8', '18', '39.60', 'Facture d\'eau', 'EUR', '39.60', '2025-11-02 00:00:00', NULL, NULL),
(785, NULL, 7, 1, '1', 5, 19, '5', '19', '77.71', 'Dentiste', 'EUR', '77.71', '2025-11-02 00:00:00', NULL, NULL),
(786, NULL, 7, 1, '1', 5, 340, NULL, NULL, '35.06', 'Mensualité', 'EUR', '35.06', '2025-11-01 00:00:00', NULL, NULL),
(787, NULL, 7, 1, '1', 5, 340, NULL, NULL, '35.06', 'Mensualité', 'EUR', '35.06', '2025-12-01 00:00:00', NULL, NULL),
(788, NULL, 7, 1, '1', 5, 340, NULL, NULL, '35.06', 'Mensualité', 'EUR', '35.06', '2025-12-24 12:14:00', NULL, NULL),
(789, NULL, 7, 1, 'expense', 5, 340, 'Famille SN', 'Mamadou Ndiongue', '35.06', 'Mensualité', 'EUR', '35.06', '2026-01-26 18:50:00', NULL, NULL),
(790, NULL, 7, 1, '1', 5, 340, NULL, NULL, '35.06', 'Mensualité', 'EUR', '35.06', '2026-03-01 00:00:00', NULL, NULL),
(792, NULL, 7, 1, '1', 5, 340, NULL, NULL, '35.06', 'Mensualité', 'EUR', '35.06', '2026-04-30 00:00:00', NULL, NULL),
(793, NULL, 7, 1, '1', 5, 340, NULL, NULL, '35.06', 'Mensualité', 'EUR', '35.06', '2026-05-31 00:00:00', NULL, NULL),
(794, NULL, 7, 1, '1', 5, 340, NULL, NULL, '35.06', 'Mensualité', 'EUR', '35.06', '2026-06-30 00:00:00', NULL, NULL),
(795, NULL, 7, 1, '1', 5, 340, NULL, NULL, '35.06', 'Mensualité', 'EUR', '35.06', '2026-07-31 00:00:00', NULL, NULL),
(796, NULL, 7, 1, '1', 5, 340, NULL, NULL, '35.06', 'Mensualité', 'EUR', '35.06', '2026-08-31 00:00:00', NULL, NULL),
(797, NULL, 7, 1, '1', 5, 340, NULL, NULL, '35.06', 'Mensualité', 'EUR', '35.06', '2026-09-30 00:00:00', NULL, NULL),
(798, NULL, 7, 2, '2', 2, 2, '2', '2', '2355.34', '', 'EUR', '2355.34', '2025-10-01 00:00:00', NULL, NULL),
(799, NULL, 7, 2, '2', 2, 2, '2', '2', '2355.34', '', 'EUR', '2355.34', '2025-11-01 00:00:00', NULL, NULL),
(801, NULL, 7, 1, '1', 4, 22, NULL, NULL, '30.00', '', 'EUR', '30.00', '2025-10-29 00:00:00', NULL, NULL),
(802, NULL, 7, 1, '1', 8, 18, '8', '18', '214.92', 'Armoire', 'EUR', '214.92', '2025-11-01 00:00:00', NULL, NULL),
(803, NULL, 7, 1, '1', 5, 333, NULL, NULL, '16.73', '', 'EUR', '16.73', '2025-10-30 00:00:00', NULL, NULL),
(804, NULL, 7, 1, '1', 4, 22, NULL, NULL, '77.71', 'Sarakh Ouli', 'EUR', '77.71', '2025-11-01 00:00:00', NULL, NULL),
(805, NULL, 7, 2, '2', 2, 2, '2', '2', '2363.49', '', 'EUR', '2363.49', '2025-12-17 00:00:00', NULL, NULL),
(807, NULL, 7, 2, '2', 2, 2, NULL, NULL, '2355.34', '', 'EUR', '2355.34', '2026-03-01 00:00:00', NULL, NULL),
(809, NULL, 7, 2, '2', 2, 2, '2', '2', '2355.34', '', 'EUR', '2355.34', '2026-04-01 00:00:00', NULL, NULL),
(810, NULL, 7, 2, '2', 2, 2, '2', '2', '2355.34', '', 'EUR', '2355.34', '2026-05-01 00:00:00', NULL, NULL),
(811, NULL, 7, 2, '2', 2, 2, '2', '2', '2355.34', '', 'EUR', '2355.34', '2026-06-01 00:00:00', NULL, NULL),
(812, NULL, 7, 2, '2', 2, 2, '2', '2', '2355.34', '', 'EUR', '2355.34', '2026-07-01 00:00:00', NULL, NULL),
(813, NULL, 7, 2, '2', 2, 2, '2', '2', '2355.34', '', 'EUR', '2355.34', '2026-08-01 00:00:00', NULL, NULL),
(814, NULL, 7, 2, '2', 2, 2, '2', '2', '2355.34', '', 'EUR', '2355.34', '2026-09-01 00:00:00', NULL, NULL),
(815, NULL, 7, 2, '2', 2, 2, NULL, NULL, '2355.34', '', 'EUR', '2355.34', '2026-11-01 00:00:00', NULL, NULL),
(816, NULL, 7, 2, '2', 2, 2, NULL, NULL, '2355.34', '', 'EUR', '2355.34', '2026-12-01 00:00:00', NULL, NULL),
(817, NULL, 7, 1, 'expense', 1, 355, 'Charge fixe', 'Frais bancaire', '4.30', NULL, 'EUR', '4.30', '2026-01-26 09:15:00', NULL, NULL),
(818, NULL, 7, 1, 'expense', 1, 13, 'Charge fixe', 'Assurance bancaire', '2.25', '', 'EUR', '2.25', '2026-02-10 13:14:00', NULL, NULL),
(829, NULL, 7, 1, 'expense', 1, 3, 'Charge fixe', 'Électricité', '26.80', '', 'EUR', '26.80', '2026-01-02 10:00:00', NULL, NULL),
(830, NULL, 7, 1, 'expense', 1, 3, 'Charge fixe', 'Électricité', '26.80', NULL, 'EUR', '26.80', '2026-02-02 09:00:00', NULL, NULL),
(831, NULL, 7, 1, '1', 1, 3, NULL, NULL, '26.80', '', 'EUR', '26.80', '2026-03-01 00:00:00', NULL, NULL),
(832, NULL, 7, 1, '1', 1, 3, NULL, NULL, '26.80', '', 'EUR', '26.80', '2026-03-31 00:00:00', NULL, NULL),
(833, NULL, 7, 1, '1', 1, 3, NULL, NULL, '26.80', '', 'EUR', '26.80', '2026-04-30 00:00:00', NULL, NULL),
(834, NULL, 7, 1, '1', 1, 3, NULL, NULL, '26.80', '', 'EUR', '26.80', '2026-05-31 00:00:00', NULL, NULL),
(835, NULL, 7, 1, '1', 1, 3, NULL, NULL, '26.80', '', 'EUR', '26.80', '2026-06-30 00:00:00', NULL, NULL),
(836, NULL, 7, 1, '1', 1, 3, NULL, NULL, '26.80', '', 'EUR', '26.80', '2026-07-31 00:00:00', NULL, NULL),
(837, NULL, 7, 1, '1', 1, 3, NULL, NULL, '26.80', '', 'EUR', '26.80', '2026-08-31 00:00:00', NULL, NULL),
(838, NULL, 7, 1, '1', 1, 3, NULL, NULL, '26.80', '', 'EUR', '26.80', '2026-09-30 00:00:00', NULL, NULL),
(839, NULL, 7, 1, '1', 1, 3, NULL, NULL, '26.80', '', 'EUR', '26.80', '2026-11-01 00:00:00', NULL, NULL),
(840, NULL, 7, 1, '1', 1, 3, NULL, NULL, '26.80', '', 'EUR', '26.80', '2026-12-01 00:00:00', NULL, NULL),
(841, NULL, 7, 1, 'expense', 1, 6, 'Charge fixe', 'Forfait mobile', '19.99', '', 'EUR', '19.99', '2026-01-03 10:00:00', NULL, NULL),
(842, NULL, 7, 1, 'expense', 3, 8, 'Nourritures', 'Sodexo', '50.00', '', 'EUR', '50.00', '2026-01-04 11:00:00', NULL, NULL),
(844, NULL, 7, 1, '1', 3, 8, NULL, NULL, '70.00', '', 'EUR', '70.00', '2026-03-01 00:00:00', NULL, NULL),
(845, NULL, 7, 1, '1', 3, 8, '3', '8', '70.00', '', 'EUR', '70.00', '2026-04-01 00:00:00', NULL, NULL),
(847, NULL, 7, 1, '1', 3, 8, '3', '8', '70.00', '', 'EUR', '70.00', '2026-05-01 00:00:00', NULL, NULL),
(848, NULL, 7, 1, '1', 3, 8, '3', '8', '70.00', '', 'EUR', '70.00', '2026-06-01 00:00:00', NULL, NULL),
(849, NULL, 7, 1, '1', 3, 8, '3', '8', '70.00', '', 'EUR', '70.00', '2026-07-01 00:00:00', NULL, NULL),
(850, NULL, 7, 1, '1', 3, 8, '3', '8', '70.00', '', 'EUR', '70.00', '2026-08-01 00:00:00', NULL, NULL),
(851, NULL, 7, 1, '1', 3, 8, '3', '8', '70.00', '', 'EUR', '70.00', '2026-09-01 00:00:00', NULL, NULL),
(852, NULL, 7, 1, '1', 3, 8, NULL, NULL, '70.00', '', 'EUR', '70.00', '2026-11-01 00:00:00', NULL, NULL),
(853, NULL, 7, 1, '1', 3, 8, NULL, NULL, '70.00', '', 'EUR', '70.00', '2026-12-01 00:00:00', NULL, NULL),
(854, NULL, 7, 1, '1', 5, 11, NULL, NULL, '459.50', '', 'EUR', '459.50', '2025-12-24 12:14:00', NULL, NULL),
(856, NULL, 7, 1, '1', 5, 11, NULL, NULL, '459.50', '', 'EUR', '459.50', '2026-03-01 00:00:00', NULL, NULL),
(858, NULL, 7, 1, '1', 5, 11, NULL, NULL, '459.50', '', 'EUR', '459.50', '2026-04-30 00:00:00', NULL, NULL),
(859, NULL, 7, 1, '1', 5, 11, NULL, NULL, '459.50', '', 'EUR', '459.50', '2026-05-31 00:00:00', NULL, NULL),
(860, NULL, 7, 1, '1', 5, 11, NULL, NULL, '459.50', '', 'EUR', '459.50', '2026-06-30 00:00:00', NULL, NULL),
(861, NULL, 7, 1, '1', 5, 11, NULL, NULL, '459.50', '', 'EUR', '459.50', '2026-07-31 00:00:00', NULL, NULL),
(862, NULL, 7, 1, '1', 5, 11, NULL, NULL, '459.50', '', 'EUR', '459.50', '2026-08-31 00:00:00', NULL, NULL),
(863, NULL, 7, 1, '1', 5, 11, NULL, NULL, '459.50', '', 'EUR', '459.50', '2026-09-30 00:00:00', NULL, NULL),
(864, NULL, 7, 1, '1', 5, 11, NULL, NULL, '459.50', '', 'EUR', '459.50', '2026-11-01 00:00:00', NULL, NULL),
(865, NULL, 7, 1, '1', 5, 11, NULL, NULL, '459.50', '', 'EUR', '459.50', '2026-12-01 00:00:00', NULL, NULL),
(866, NULL, 7, 1, '1', 3, 7, NULL, NULL, '10.07', '', 'EUR', '10.07', '2025-11-04 00:00:00', NULL, NULL),
(867, NULL, 7, 2, '2', 2, 2, '2', '2', '2355.34', '', 'EUR', '2355.34', '2026-10-01 00:00:00', NULL, NULL),
(868, NULL, 7, 2, '2', 2, 2, NULL, NULL, '2402.00', 'Regule', 'EUR', '2402.00', '2024-12-01 00:00:00', NULL, NULL),
(869, NULL, 7, 1, '1', 8, 18, '8', '18', '114.68', '', 'EUR', '114.68', '2025-12-01 00:00:00', NULL, NULL),
(870, NULL, 7, 1, '1', 8, 18, NULL, NULL, '428.00', '', 'EUR', '428.00', '2025-12-01 00:00:00', NULL, NULL),
(871, NULL, 7, 1, 'expense', 8, 18, 'Ma femme', 'Dépense', '428.35', '', 'EUR', '428.35', '2025-12-23 15:18:00', NULL, NULL),
(874, NULL, 7, 1, '1', 7, 17, '7', '17', '77.71', 'Assane Savane', 'EUR', '77.71', '2025-11-11 00:00:00', NULL, NULL),
(875, NULL, 7, 1, '1', 5, 333, NULL, NULL, '6.06', '', 'EUR', '6.06', '2025-11-11 00:00:00', NULL, NULL),
(876, NULL, 7, 1, '1', 3, 31, NULL, NULL, '8.50', 'Kebab', 'EUR', '8.50', '2025-11-12 00:00:00', NULL, NULL),
(877, NULL, 7, 1, '1', 4, 22, NULL, NULL, '100.00', '', 'EUR', '100.00', '2025-11-16 00:00:00', NULL, NULL),
(878, NULL, 7, 1, '1', 8, 18, NULL, NULL, '16.73', '', 'EUR', '16.73', '2025-11-19 00:00:00', NULL, NULL),
(879, NULL, 7, 1, '1', 8, 18, NULL, NULL, '31.98', '', 'EUR', '31.98', '2025-11-22 00:00:00', NULL, NULL),
(880, NULL, 7, 1, '1', 5, 333, NULL, NULL, '27.41', '', 'EUR', '27.41', '2025-11-26 00:00:00', NULL, NULL),
(881, NULL, 7, 1, '1', 3, 7, '3', '7', '30.97', '2 Kg de viande', 'EUR', '30.97', '2025-12-01 00:00:00', NULL, NULL),
(882, NULL, 7, 1, '1', 5, 19, NULL, NULL, '31.98', '', 'EUR', '31.98', '2025-12-02 00:00:00', NULL, NULL),
(883, NULL, 7, 1, '1', 3, 7, NULL, NULL, '8.97', '', 'EUR', '8.97', '2025-12-03 00:00:00', NULL, NULL),
(884, NULL, 7, 1, '1', 8, 18, NULL, NULL, '16.73', 'Transport recup documents vfs', 'EUR', '16.73', '2025-12-16 00:00:00', NULL, NULL),
(885, NULL, 7, 1, 'expense', 1, 6, 'Charge fixe', 'Forfait mobile', '5.49', NULL, 'EUR', '5.49', '2026-02-14 11:00:00', NULL, NULL),
(886, NULL, 7, 1, '1', 1, 6, NULL, NULL, '19.99', '', 'EUR', '19.99', '2026-03-02 00:00:00', NULL, NULL),
(887, NULL, 7, 1, '1', 1, 6, NULL, NULL, '19.99', '', 'EUR', '19.99', '2026-04-01 00:00:00', NULL, NULL),
(888, NULL, 7, 1, '1', 1, 6, NULL, NULL, '19.99', '', 'EUR', '19.99', '2026-05-01 00:00:00', NULL, NULL),
(889, NULL, 7, 1, '1', 1, 6, NULL, NULL, '19.99', '', 'EUR', '19.99', '2026-06-01 00:00:00', NULL, NULL),
(890, NULL, 7, 1, '1', 1, 6, NULL, NULL, '19.99', '', 'EUR', '19.99', '2026-07-01 00:00:00', NULL, NULL),
(891, NULL, 7, 1, '1', 1, 6, NULL, NULL, '19.99', '', 'EUR', '19.99', '2026-08-01 00:00:00', NULL, NULL),
(892, NULL, 7, 1, '1', 1, 6, NULL, NULL, '19.99', '', 'EUR', '19.99', '2026-09-01 00:00:00', NULL, NULL),
(893, NULL, 7, 1, '1', 1, 6, NULL, NULL, '19.99', '', 'EUR', '19.99', '2026-10-01 00:00:00', NULL, NULL),
(894, NULL, 7, 1, '1', 1, 6, NULL, NULL, '19.99', '', 'EUR', '19.99', '2026-11-02 00:00:00', NULL, NULL),
(895, NULL, 7, 1, '1', 1, 6, NULL, NULL, '19.99', '', 'EUR', '19.99', '2026-12-02 00:00:00', NULL, NULL),
(910, NULL, 7, 1, '1', 3, 7, NULL, NULL, '80.00', '', 'EUR', '80.00', '2026-03-05 00:00:00', NULL, NULL),
(911, NULL, 7, 1, '1', 3, 7, NULL, NULL, '80.00', '', 'EUR', '80.00', '2026-04-04 00:00:00', NULL, NULL),
(912, NULL, 7, 1, '1', 3, 7, NULL, NULL, '80.00', '', 'EUR', '80.00', '2026-05-04 00:00:00', NULL, NULL),
(913, NULL, 7, 1, '1', 3, 7, NULL, NULL, '80.00', '', 'EUR', '80.00', '2026-06-04 00:00:00', NULL, NULL),
(914, NULL, 7, 1, '1', 3, 7, NULL, NULL, '80.00', '', 'EUR', '80.00', '2026-07-04 00:00:00', NULL, NULL),
(915, NULL, 7, 1, '1', 3, 7, NULL, NULL, '80.00', '', 'EUR', '80.00', '2026-08-04 00:00:00', NULL, NULL),
(916, NULL, 7, 1, '1', 3, 7, NULL, NULL, '80.00', '', 'EUR', '80.00', '2026-09-04 00:00:00', NULL, NULL),
(917, NULL, 7, 1, '1', 3, 7, NULL, NULL, '80.00', '', 'EUR', '80.00', '2026-10-04 00:00:00', NULL, NULL),
(918, NULL, 7, 1, '1', 3, 7, NULL, NULL, '80.00', '', 'EUR', '80.00', '2026-11-05 00:00:00', NULL, NULL),
(919, NULL, 7, 1, '1', 3, 7, NULL, NULL, '80.00', '', 'EUR', '80.00', '2026-12-05 00:00:00', NULL, NULL),
(921, NULL, 7, 1, '1', 3, 8, NULL, NULL, '70.00', '', 'EUR', '70.00', '2026-10-01 00:00:00', NULL, NULL),
(923, NULL, 7, 1, '1', 8, 18, NULL, NULL, '428.34', '', 'EUR', '428.34', '2026-03-05 00:00:00', NULL, NULL),
(924, NULL, 7, 1, '1', 8, 18, NULL, NULL, '428.34', '', 'EUR', '428.34', '2026-04-04 00:00:00', NULL, NULL),
(925, NULL, 7, 1, '1', 8, 18, NULL, NULL, '428.34', '', 'EUR', '428.34', '2026-05-04 00:00:00', NULL, NULL),
(926, NULL, 7, 1, '1', 8, 18, NULL, NULL, '428.34', '', 'EUR', '428.34', '2026-06-04 00:00:00', NULL, NULL),
(927, NULL, 7, 1, '1', 8, 18, NULL, NULL, '428.34', '', 'EUR', '428.34', '2026-07-04 00:00:00', NULL, NULL),
(928, NULL, 7, 1, '1', 8, 18, NULL, NULL, '428.34', '', 'EUR', '428.34', '2026-08-04 00:00:00', NULL, NULL),
(929, NULL, 7, 1, '1', 8, 18, NULL, NULL, '428.34', '', 'EUR', '428.34', '2026-09-04 00:00:00', NULL, NULL),
(930, NULL, 7, 1, '1', 8, 18, NULL, NULL, '428.34', '', 'EUR', '428.34', '2026-10-04 00:00:00', NULL, NULL),
(931, NULL, 7, 1, '1', 8, 18, NULL, NULL, '428.34', '', 'EUR', '428.34', '2026-11-05 00:00:00', NULL, NULL),
(932, NULL, 7, 1, '1', 8, 18, NULL, NULL, '428.34', '', 'EUR', '428.34', '2026-12-05 00:00:00', NULL, NULL),
(934, NULL, 7, 1, '1', 5, 11, NULL, NULL, '459.50', '', 'EUR', '459.50', '2026-10-01 00:00:00', NULL, NULL),
(958, NULL, 7, 1, 'expense', 4, 22, NULL, NULL, '13.73', '', 'EUR', '13.73', '2025-12-24 09:51:00', NULL, NULL),
(959, NULL, 7, 1, 'expense', 4, 22, NULL, NULL, '39.36', 'Achat cartouche d’imprimante ', 'EUR', '39.36', '2025-12-23 18:32:00', NULL, NULL),
(960, NULL, 7, 1, 'expense', 3, 31, NULL, NULL, '15.00', 'Kebab avec Samuel', 'EUR', '15.00', '2025-12-23 12:47:00', NULL, NULL),
(961, NULL, 7, 1, 'expense', 3, 7, NULL, NULL, '18.27', '', 'EUR', '18.27', '2025-12-20 12:35:00', NULL, NULL),
(962, NULL, 7, 1, 'expense', 3, 7, NULL, NULL, '11.23', '', 'EUR', '11.23', '2025-12-14 10:38:00', NULL, NULL),
(963, NULL, 7, 1, 'expense', 8, 18, NULL, NULL, '16.73', 'Yango recup documents état civil ', 'EUR', '16.73', '2025-12-22 19:46:00', NULL, NULL),
(964, NULL, 7, 1, 'expense', 8, 18, NULL, NULL, '89.91', '', 'EUR', '89.91', '2025-12-23 18:36:00', NULL, NULL),
(965, NULL, 7, 2, 'income', 2, 16, NULL, NULL, '92.76', 'Équilibrage de compte', 'EUR', '92.76', '2025-12-29 22:01:00', NULL, NULL),
(971, NULL, 7, 1, 'expense', 8, 356, NULL, NULL, '47.22', 'Médicament', 'EUR', '47.22', '2025-12-31 23:45:00', NULL, NULL),
(972, NULL, 7, 1, 'expense', 1, 13, 'Charge fixe', 'Assurance bancaire', '2.25', NULL, 'EUR', '2.25', '2026-01-19 07:23:00', NULL, NULL),
(982, NULL, 7, 1, 'expense', 5, 340, 'Famille SN', 'Mamadou Ndiongue', '16.73', 'Médicament ', 'EUR', '16.73', '2026-01-02 15:36:00', NULL, NULL),
(992, NULL, 7, 1, 'expense', 5, 20, NULL, NULL, '153.94', '', 'EUR', '153.94', '2026-01-03 20:39:00', NULL, NULL),
(994, NULL, 7, 1, 'expense', 3, 7, NULL, NULL, '30.00', '', 'EUR', '30.00', '2026-01-05 17:53:00', NULL, NULL),
(998, NULL, 7, 1, 'expense', 1, 5, NULL, NULL, '72.99', 'Frais d’abonnement et 1ere facture ', 'EUR', '72.99', '2026-01-08 07:03:00', NULL, NULL),
(1013, NULL, 7, 1, 'expense', 3, 7, NULL, NULL, '7.90', 'Carrefour', 'EUR', '7.90', '2025-12-28 08:30:00', NULL, NULL),
(1014, NULL, 7, 1, 'expense', 1, 6, NULL, NULL, '5.49', NULL, 'EUR', '5.49', '2026-01-24 08:27:00', NULL, NULL),
(1017, NULL, 7, 1, 'expense', 3, 7, 'Nourritures', 'Courses', '4.85', 'Carrefour', 'EUR', '4.85', '2026-01-16 14:01:00', NULL, NULL),
(1019, NULL, 7, 1, 'expense', 1, 15, NULL, NULL, '6.99', 'Amazon Prime', 'EUR', '6.99', '2026-01-22 18:55:00', NULL, NULL),
(1025, NULL, 7, 1, 'expense', 8, 18, NULL, NULL, '428.35', NULL, 'EUR', '428.35', '2026-01-26 18:50:00', NULL, NULL),
(1026, NULL, 7, 1, 'expense', 5, 11, NULL, NULL, '458.51', NULL, 'EUR', '458.51', '2026-01-26 18:54:00', NULL, NULL),
(1027, NULL, 7, 1, 'expense', 5, 19, NULL, NULL, '75.46', 'Frais déménagement', 'EUR', '75.46', '2026-01-26 18:58:00', NULL, NULL),
(1028, NULL, 7, 2, 'income', 2, 2, 'Revenus', 'Salaire', '2487.44', NULL, 'EUR', '2487.44', '2026-01-26 14:05:00', NULL, NULL),
(1029, NULL, 7, 2, 'income', 2, 361, 'Revenus', 'Rachat CET', '1000.00', 'Vente de 10 CET', 'EUR', '1000.00', '2026-01-26 14:06:00', NULL, NULL),
(1031, NULL, 7, 1, 'expense', 1, 5, NULL, NULL, '23.99', NULL, 'EUR', '23.99', '2026-02-05 11:00:00', NULL, NULL),
(1032, NULL, 7, 1, 'expense', 3, 8, NULL, NULL, '60.00', '— Ticket Ô', 'EUR', '60.00', '2026-02-01 07:26:00', NULL, NULL),
(1034, NULL, 7, 1, 'expense', 8, 356, NULL, NULL, '70.09', 'Vous avez envoyé 68,60 € à Adama Diaw', 'EUR', '70.09', '2026-01-27 18:33:00', NULL, NULL),
(1036, NULL, 7, 3, 'Epargne', 13, 357, 'Objectif', 'Epargne de sécurité', '1330.12', NULL, 'EUR', '1330.12', '2026-01-27 17:55:00', NULL, NULL),
(1037, NULL, 7, 1, 'expense', 5, 337, NULL, NULL, '24.36', 'Vous avez envoyé 22,87 € à Aichatou Ndiongue', 'EUR', '24.36', '2026-01-28 11:30:00', NULL, NULL),
(1042, NULL, 7, 1, 'expense', 4, 22, 'Perso', 'Perso', '103.20', 'Complément financement CPF', 'EUR', '103.20', '2026-01-28 21:16:00', NULL, NULL),
(1043, NULL, 7, 1, 'expense', 4, 348, NULL, NULL, '80.00', NULL, 'EUR', '80.00', '2026-01-28 22:49:00', NULL, NULL),
(1044, NULL, 15, 2, 'income', 2, 2, NULL, NULL, '1000.00', NULL, 'EUR', '1000.00', '2026-01-29 10:53:00', NULL, NULL),
(1059, NULL, 15, 3, 'epargne', 13, 362, NULL, NULL, '200.00', NULL, 'EUR', '200.00', '2026-01-30 06:45:00', NULL, NULL),
(1060, NULL, 15, 1, 'expense', 1, 1, NULL, NULL, '550.00', NULL, 'EUR', '550.00', '2026-01-30 06:45:00', NULL, NULL),
(1061, NULL, 7, 2, 'income', 2, 33, NULL, NULL, '99.00', NULL, 'EUR', '99.00', '2026-01-23 13:36:00', NULL, NULL),
(1062, NULL, 7, 1, 'expense', 3, 7, 'Nourritures', 'Courses', '30.39', 'MARKET LE MANS BONNETABLE', 'EUR', '30.39', '2026-02-01 11:51:00', NULL, NULL),
(1065, NULL, 7, 1, 'expense', 3, 7, 'Nourritures', 'Courses', '9.49', NULL, 'EUR', '9.49', '2026-02-01 08:36:00', NULL, NULL),
(1070, NULL, 7, 2, 'income', 2, 2, 'Revenus', 'Salaire', '2355.00', NULL, 'EUR', '2355.00', '2026-02-25 08:04:00', NULL, NULL),
(1071, NULL, 7, 3, 'epargne', NULL, 357, NULL, NULL, '-100.00', 'Retrait objectif #4', 'EUR', '-100.00', '2026-02-02 06:00:11', NULL, NULL),
(1072, NULL, 7, 1, 'expense', 4, 348, NULL, NULL, '100.00', NULL, 'EUR', '100.00', '2026-02-02 06:01:00', NULL, NULL),
(1073, NULL, 7, 1, 'expense', 5, 333, NULL, NULL, '9.11', 'Vous avez envoyé 7,62 € à Pape Sidy', 'EUR', '9.11', '2026-02-03 13:16:00', NULL, NULL),
(1074, NULL, 7, 1, 'expense', 5, 342, NULL, NULL, '9.11', 'Vous avez envoyé 7,62 € à Fatou Diassy', 'EUR', '9.11', '2026-02-03 13:07:00', NULL, NULL),
(1075, NULL, 7, 2, 'income', 2, 16, NULL, NULL, '12.25', 'Remboursement free mobile', 'EUR', '12.25', '2026-02-03 13:55:00', NULL, NULL),
(1076, NULL, 7, 1, 'expense', 3, 7, NULL, NULL, '34.97', 'MARKET LE MANS BONNETABLE\nTitre restaurant(2', 'EUR', '34.97', '2026-02-07 11:30:00', NULL, NULL);

-- --------------------------------------------------------

--
-- Structure de la table `transaction_files`
--

CREATE TABLE `transaction_files` (
  `id` int(11) NOT NULL,
  `transaction_id` int(11) NOT NULL,
  `file_path` varchar(255) NOT NULL,
  `file_type` varchar(50) DEFAULT NULL,
  `uploaded_at` datetime DEFAULT current_timestamp()
) ENGINE=InnoDB DEFAULT CHARSET=utf8mb4 COLLATE=utf8mb4_general_ci;

--
-- Déchargement des données de la table `transaction_files`
--

INSERT INTO `transaction_files` (`id`, `transaction_id`, `file_path`, `file_type`, `uploaded_at`) VALUES
(5, 663, 'uploads/invoices/663_68d6652636f50_AD-SendwaveReceipt_2025_09_26.pdf', 'application/pdf', '2025-09-26 12:04:22'),
(6, 664, 'uploads/invoices/664_68d6668cc6677_FS-SendwaveReceipt_2025_09_25.pdf', 'application/pdf', '2025-09-26 12:10:20'),
(7, 666, 'uploads/invoices/666_68d6a3fdc72d6_ticket-PAYFIP0000000151068377.pdf', 'application/pdf', '2025-09-26 16:32:29'),
(8, 667, 'uploads/invoices/667_68d7f55546ac6_IMG_3614.png', 'image/png', '2025-09-27 16:31:49'),
(9, 668, 'uploads/invoices/668_68d834d567d44_SD-SendwaveReceipt_2025_09_27.pdf', 'application/pdf', '2025-09-27 21:02:45'),
(10, 669, 'uploads/invoices/669_68d8371058e82_Salaire du 09 2025.pdf', 'application/pdf', '2025-09-27 21:12:16'),
(11, 670, 'uploads/invoices/670_68d83890ceb86_Ticker-resto-09-2025.PNG', 'image/png', '2025-09-27 21:18:40'),
(12, 671, 'uploads/invoices/671_68da3afe22265_AD_SendwaveReceipt_2025_09_28.pdf', 'application/pdf', '2025-09-29 09:53:34'),
(13, 674, 'uploads/invoices/674_68dccb3a8a173_MP-SendwaveReceipt_2025_10_01.pdf', 'application/pdf', '2025-10-01 08:33:30'),
(14, 675, 'uploads/invoices/675_68dccb5c108c7_FOND-SendwaveReceipt_2025_10.pdf', 'application/pdf', '2025-10-01 08:34:04'),
(18, 992, 'uploads/invoices/992_695a7bcf7ed37_Tante Alimatou.pdf', 'application/pdf', '2026-01-04 14:40:15'),
(31, 1013, 'uploads/invoices/1013_696407f6ca1ad_receipt.jpg', 'image/jpeg', '2026-01-11 20:28:38'),
(34, 1017, 'uploads/invoices/1017_696bd4dfa597d_receipt.jpg', 'image/jpeg', '2026-01-17 18:28:47'),
(35, 1025, 'uploads/invoices/1025_6977b7b69bc10_receipt.jpg', 'image/png', '2026-01-26 18:51:34'),
(36, 1026, 'uploads/invoices/1026_6977b909108a8_receipt.jpg', 'image/png', '2026-01-26 18:57:13'),
(38, 1032, 'uploads/invoices/1032_697869381463f_receipt.jpg', 'image/jpeg', '2026-01-27 07:28:56'),
(39, 1034, 'uploads/invoices/1034_697905121cfd8_receipt.jpg', 'image/jpeg', '2026-01-27 18:33:54'),
(40, 1037, 'uploads/invoices/1037_697a0232ac57c_receipt.jpg', 'image/jpeg', '2026-01-28 12:33:54'),
(41, 1042, 'uploads/invoices/1042_697a925a54846_receipt.jpg', 'image/png', '2026-01-28 22:48:58'),
(42, 1062, 'uploads/invoices/1062_697cb42714d99_receipt.jpg', 'image/jpeg', '2026-01-30 13:37:43'),
(43, 1073, 'uploads/invoices/1073_6982492ead112_receipt.jpg', 'image/jpeg', '2026-02-03 19:14:54'),
(44, 1074, 'uploads/invoices/1074_698249783e4f3_receipt.jpg', 'image/jpeg', '2026-02-03 19:16:08'),
(45, 1076, 'uploads/invoices/1076_69874c85a5abb_receipt.jpg', 'image/jpeg', '2026-02-07 14:30:29');

-- --------------------------------------------------------

--
-- Structure de la table `transaction_types`
--

CREATE TABLE `transaction_types` (
  `id_type` int(11) NOT NULL,
  `code` varchar(20) NOT NULL,
  `label` varchar(50) NOT NULL
) ENGINE=InnoDB DEFAULT CHARSET=utf8mb4 COLLATE=utf8mb4_general_ci;

--
-- Déchargement des données de la table `transaction_types`
--

INSERT INTO `transaction_types` (`id_type`, `code`, `label`) VALUES
(1, 'expense', 'Dépense'),
(2, 'income', 'Revenu'),
(3, 'Epargne', 'Epargne');

-- --------------------------------------------------------

--
-- Structure de la table `utilisateurs`
--

CREATE TABLE `utilisateurs` (
  `id_utilisateur` int(11) NOT NULL,
  `lastName` varchar(255) NOT NULL,
  `firstName` varchar(255) NOT NULL,
  `email` varchar(255) NOT NULL,
  `photo` varchar(255) DEFAULT NULL,
  `mot_de_passe` varchar(255) NOT NULL,
  `date_inscription` datetime NOT NULL DEFAULT current_timestamp(),
  `currency` varchar(3) NOT NULL DEFAULT 'EUR'
) ENGINE=InnoDB DEFAULT CHARSET=utf8mb4 COLLATE=utf8mb4_general_ci;

--
-- Déchargement des données de la table `utilisateurs`
--

INSERT INTO `utilisateurs` (`id_utilisateur`, `lastName`, `firstName`, `email`, `photo`, `mot_de_passe`, `date_inscription`, `currency`) VALUES
(7, 'Ndiongue', 'Omar', 'omarndiongue0@gmail.com', 'uploads/profiles/1760201123_e42ff6439872_avatar.jpg', '$2y$10$PFaWUZw/aEbo9WjsLe0iZOGeDFX2hjFolguoHlzZ2DcPIzH2jK9Qa', '2023-01-28 07:40:45', 'EUR'),
(12, 'Diaw', 'Maman Adaam', 'adamadiaw260@gmail.com', NULL, '$2y$10$UYfsPsngxGQXJNY0sZkGROryGt3asUKLsB4fg4hKtOv2cKa3sCgj6', '2025-12-28 15:48:38', 'EUR'),
(15, 'Test', 'Testeur', 'teste@gmail.com', NULL, '$2y$10$hb569.cJn565Ct2uWbolweL09.f4jIcXwLDVCbxCgPcMgQqVKT8nS', '2026-01-29 10:53:37', 'EUR');

--
-- Index pour les tables déchargées
--

--
-- Index pour la table `categories`
--
ALTER TABLE `categories`
  ADD PRIMARY KEY (`id_category`),
  ADD UNIQUE KEY `name` (`name`);

--
-- Index pour la table `category_budgets`
--
ALTER TABLE `category_budgets`
  ADD PRIMARY KEY (`id`),
  ADD UNIQUE KEY `user_id` (`user_id`,`category_id`,`subcategory_id`,`year`,`month`),
  ADD UNIQUE KEY `ux_budget` (`user_id`,`category_id`,`subcategory_id`,`year`,`month`);

--
-- Index pour la table `objectif_atteints`
--
ALTER TABLE `objectif_atteints`
  ADD PRIMARY KEY (`id_objectif_atteint`),
  ADD KEY `idx_id_objectif` (`id_objectif`),
  ADD KEY `idx_user` (`user_id`),
  ADD KEY `idx_subcategory` (`id_subcategory`);

--
-- Index pour la table `objectif_crees`
--
ALTER TABLE `objectif_crees`
  ADD PRIMARY KEY (`id_objectif`),
  ADD KEY `user_id` (`user_id`),
  ADD KEY `id_subcategory` (`id_subcategory`);

--
-- Index pour la table `recurring_transactions`
--
ALTER TABLE `recurring_transactions`
  ADD PRIMARY KEY (`id`);

--
-- Index pour la table `subcategories`
--
ALTER TABLE `subcategories`
  ADD PRIMARY KEY (`id_subcategory`),
  ADD UNIQUE KEY `category_id` (`category_id`,`name`),
  ADD KEY `icon` (`icon`);

--
-- Index pour la table `transactions`
--
ALTER TABLE `transactions`
  ADD PRIMARY KEY (`id_transaction`),
  ADD KEY `fk_transactions_utilisateurs` (`id_utilisateur`),
  ADD KEY `category_id` (`category_id`),
  ADD KEY `subcategory_id` (`subcategory_id`),
  ADD KEY `fk_tx_type` (`id_type`),
  ADD KEY `idx_transactions_goal_id` (`goal_id`);

--
-- Index pour la table `transaction_files`
--
ALTER TABLE `transaction_files`
  ADD PRIMARY KEY (`id`),
  ADD KEY `transaction_id` (`transaction_id`);

--
-- Index pour la table `transaction_types`
--
ALTER TABLE `transaction_types`
  ADD PRIMARY KEY (`id_type`),
  ADD UNIQUE KEY `code` (`code`);

--
-- Index pour la table `utilisateurs`
--
ALTER TABLE `utilisateurs`
  ADD PRIMARY KEY (`id_utilisateur`);

--
-- AUTO_INCREMENT pour les tables déchargées
--

--
-- AUTO_INCREMENT pour la table `categories`
--
ALTER TABLE `categories`
  MODIFY `id_category` int(11) NOT NULL AUTO_INCREMENT, AUTO_INCREMENT=15;

--
-- AUTO_INCREMENT pour la table `category_budgets`
--
ALTER TABLE `category_budgets`
  MODIFY `id` bigint(20) UNSIGNED NOT NULL AUTO_INCREMENT, AUTO_INCREMENT=1201;

--
-- AUTO_INCREMENT pour la table `objectif_atteints`
--
ALTER TABLE `objectif_atteints`
  MODIFY `id_objectif_atteint` int(11) NOT NULL AUTO_INCREMENT, AUTO_INCREMENT=5;

--
-- AUTO_INCREMENT pour la table `ocr_feedback`
--
ALTER TABLE `ocr_feedback`
  MODIFY `id_feedback` int(10) UNSIGNED NOT NULL AUTO_INCREMENT;

--
-- AUTO_INCREMENT pour la table `recurring_transactions`
--
ALTER TABLE `recurring_transactions`
  MODIFY `id` int(11) NOT NULL AUTO_INCREMENT, AUTO_INCREMENT=15;

--
-- AUTO_INCREMENT pour la table `subcategories`
--
ALTER TABLE `subcategories`
  MODIFY `id_subcategory` int(11) NOT NULL AUTO_INCREMENT, AUTO_INCREMENT=364;

--
-- AUTO_INCREMENT pour la table `transactions`
--
ALTER TABLE `transactions`
  MODIFY `id_transaction` int(3) NOT NULL AUTO_INCREMENT, AUTO_INCREMENT=1077;

--
-- AUTO_INCREMENT pour la table `transaction_files`
--
ALTER TABLE `transaction_files`
  MODIFY `id` int(11) NOT NULL AUTO_INCREMENT, AUTO_INCREMENT=46;

--
-- AUTO_INCREMENT pour la table `transaction_types`
--
ALTER TABLE `transaction_types`
  MODIFY `id_type` int(11) NOT NULL AUTO_INCREMENT, AUTO_INCREMENT=4;

--
-- AUTO_INCREMENT pour la table `utilisateurs`
--
ALTER TABLE `utilisateurs`
  MODIFY `id_utilisateur` int(11) NOT NULL AUTO_INCREMENT, AUTO_INCREMENT=16;

--
-- Contraintes pour les tables déchargées
--

--
-- Contraintes pour la table `objectif_crees`
--
ALTER TABLE `objectif_crees`
  ADD CONSTRAINT `Objectif_crees_ibfk_1` FOREIGN KEY (`user_id`) REFERENCES `utilisateurs` (`id_utilisateur`) ON DELETE CASCADE,
  ADD CONSTRAINT `Objectif_crees_ibfk_2` FOREIGN KEY (`id_subcategory`) REFERENCES `subcategories` (`id_subcategory`) ON UPDATE CASCADE;

--
-- Contraintes pour la table `subcategories`
--
ALTER TABLE `subcategories`
  ADD CONSTRAINT `subcategories_ibfk_1` FOREIGN KEY (`category_id`) REFERENCES `categories` (`id_category`) ON DELETE CASCADE ON UPDATE CASCADE;

--
-- Contraintes pour la table `transactions`
--
ALTER TABLE `transactions`
  ADD CONSTRAINT `fk_transactions_utilisateurs` FOREIGN KEY (`id_utilisateur`) REFERENCES `utilisateurs` (`id_utilisateur`) ON UPDATE CASCADE,
  ADD CONSTRAINT `fk_tx_type` FOREIGN KEY (`id_type`) REFERENCES `transaction_types` (`id_type`) ON UPDATE CASCADE,
  ADD CONSTRAINT `transactions_goal_fk` FOREIGN KEY (`goal_id`) REFERENCES `objectif_crees` (`id_objectif`) ON DELETE SET NULL ON UPDATE CASCADE,
  ADD CONSTRAINT `transactions_ibfk_1` FOREIGN KEY (`category_id`) REFERENCES `categories` (`id_category`) ON DELETE SET NULL ON UPDATE CASCADE,
  ADD CONSTRAINT `transactions_ibfk_2` FOREIGN KEY (`subcategory_id`) REFERENCES `subcategories` (`id_subcategory`) ON DELETE SET NULL ON UPDATE CASCADE;

--
-- Contraintes pour la table `transaction_files`
--
ALTER TABLE `transaction_files`
  ADD CONSTRAINT `transaction_files_ibfk_1` FOREIGN KEY (`transaction_id`) REFERENCES `transactions` (`id_transaction`) ON DELETE CASCADE;
COMMIT;

/*!40101 SET CHARACTER_SET_CLIENT=@OLD_CHARACTER_SET_CLIENT */;
/*!40101 SET CHARACTER_SET_RESULTS=@OLD_CHARACTER_SET_RESULTS */;
/*!40101 SET COLLATION_CONNECTION=@OLD_COLLATION_CONNECTION */;
